mental_recovery,physical_recovery,sleep_cycle,sleep_score,sleep_duration,start_time,update_time,create_time,timezone,end_time
80,66,5,66,626,2023-09-19 14:46:00,2023-09-20 01:12:26,2023-09-20 01:12:21,UTC+0800,2023-09-20 01:12:00
,,,,,2023-09-20 18:59:00,2023-09-21 03:34:34,2023-09-21 03:34:34,UTC+0800,2023-09-21 02:01:00
,,,,,2023-09-21 16:37:00,2023-09-22 04:41:40,2023-09-22 04:41:40,UTC+0800,2023-09-22 02:06:00
80,25,2,56,245,2023-09-28 15:58:00,2023-09-29 02:25:41,2023-09-28 20:30:12,UTC+0800,2023-09-28 20:03:00
52,13,2,38,128,2023-09-28 23:53:00,2023-09-29 02:25:41,2023-09-29 02:25:03,UTC+0800,2023-09-29 02:01:00
55,58,6,53,564,2023-09-29 17:43:00,2023-09-30 03:39:37,2023-09-30 03:33:25,UTC+0800,2023-09-30 03:07:00
77,59,3,73,374,2023-09-30 20:57:00,2023-10-01 03:11:54,2023-10-01 03:11:43,UTC+0800,2023-10-01 03:11:00
80,62,4,71,449,2023-10-01 18:26:00,2023-10-02 02:21:15,2023-10-02 02:21:08,UTC+0800,2023-10-02 01:55:00
66,44,2,60,233,2023-10-02 19:31:00,2023-10-02 23:55:14,2023-10-02 23:55:05,UTC+0800,2023-10-02 23:24:00
44,33,1,57,99,2023-10-03 01:17:00,2023-10-03 03:19:18,2023-10-03 03:19:13,UTC+0800,2023-10-03 02:56:00
79,39,2,63,265,2023-10-03 17:15:00,2023-10-04 02:17:08,2023-10-03 22:06:35,UTC+0800,2023-10-03 21:40:00
75,33,1,59,190,2023-10-03 22:42:00,2023-10-04 02:17:08,2023-10-04 02:16:59,UTC+0800,2023-10-04 01:52:00
46,27,2,41,193,2023-10-04 12:28:00,2023-10-04 16:05:44,2023-10-04 16:05:40,UTC+0800,2023-10-04 15:41:00
70,18,0,44,129,2023-10-04 19:11:00,2023-10-05 03:04:54,2023-10-04 21:50:35,UTC+0800,2023-10-04 21:20:00
74,43,1,59,273,2023-10-04 22:31:00,2023-10-05 03:04:54,2023-10-05 03:04:30,UTC+0800,2023-10-05 03:04:00
78,41,2,66,175,2023-10-05 16:37:00,2023-10-06 02:29:27,2023-10-05 20:03:05,UTC+0800,2023-10-05 19:32:00
82,44,3,69,367,2023-10-05 19:58:00,2023-10-06 02:29:27,2023-10-06 02:29:16,UTC+0800,2023-10-06 02:05:00
42,34,2,48,252,2023-10-06 20:55:00,2023-10-07 07:48:18,2023-10-07 01:33:47,UTC+0800,2023-10-07 01:07:00
70,33,0,52,69,2023-10-07 15:24:00,2023-10-08 02:28:21,2023-10-07 16:59:02,UTC+0800,2023-10-07 16:33:00
50,66,4,65,483,2023-10-07 18:02:00,2023-10-08 02:28:21,2023-10-08 02:28:12,UTC+0800,2023-10-08 02:05:00
75,47,1,63,244,2023-10-08 16:36:00,2023-10-09 02:09:13,2023-10-08 21:11:27,UTC+0800,2023-10-08 20:40:00
40,45,1,57,102,2023-10-09 00:03:00,2023-10-09 02:09:13,2023-10-09 02:09:08,UTC+0800,2023-10-09 01:45:00
88,66,4,79,526,2023-10-09 16:13:00,2023-10-10 01:31:37,2023-10-10 01:29:58,UTC+0800,2023-10-10 00:59:00
54,73,5,65,457,2023-10-10 17:36:00,2023-10-11 01:38:03,2023-10-11 01:37:51,UTC+0800,2023-10-11 01:13:00
82,58,3,75,330,2023-10-11 19:03:00,2023-10-12 01:34:12,2023-10-12 00:58:43,UTC+0800,2023-10-12 00:33:00
77,41,2,59,307,2023-10-12 19:35:00,2023-10-13 01:05:57,2023-10-13 01:05:54,UTC+0800,2023-10-13 00:42:00
83,63,3,75,353,2023-10-13 18:05:00,2023-10-14 00:21:53,2023-10-14 00:21:46,UTC+0800,2023-10-13 23:58:00
84,59,4,75,418,2023-10-14 17:56:00,2023-10-15 02:53:34,2023-10-15 01:21:14,UTC+0800,2023-10-15 00:54:00
75,39,1,62,131,2023-10-15 19:26:00,2023-10-16 00:51:59,2023-10-15 22:02:09,UTC+0800,2023-10-15 21:37:00
77,16,2,58,146,2023-10-15 22:25:00,2023-10-16 00:51:59,2023-10-16 00:51:54,UTC+0800,2023-10-16 00:51:00
68,69,4,70,459,2023-10-16 16:58:00,2023-10-17 01:04:36,2023-10-17 01:04:19,UTC+0800,2023-10-17 00:37:00
83,66,3,80,428,2023-10-17 17:58:00,2023-10-18 01:30:41,2023-10-18 01:30:32,UTC+0800,2023-10-18 01:06:00
90,75,4,78,498,2023-10-18 17:27:00,2023-10-19 02:11:50,2023-10-19 02:10:38,UTC+0800,2023-10-19 01:45:00
42,28,1,46,198,2023-10-19 22:24:00,2023-10-20 02:06:59,2023-10-20 02:06:50,UTC+0800,2023-10-20 01:42:00
94,74,5,87,498,2023-10-20 16:54:00,2023-10-25 07:32:07,2023-10-21 01:36:51,UTC+0800,2023-10-21 01:12:00
52,70,4,67,476,2023-10-21 17:22:00,2023-10-25 07:32:07,2023-10-22 01:42:09,UTC+0800,2023-10-22 01:18:00
80,53,2,71,363,2023-10-22 18:01:00,2023-10-25 07:32:07,2023-10-23 00:29:32,UTC+0800,2023-10-23 00:04:00
80,42,2,61,272,2023-10-23 19:02:00,2023-10-25 07:32:07,2023-10-24 00:00:32,UTC+0800,2023-10-23 23:34:00
70,29,0,47,194,2023-10-25 08:39:00,2023-10-25 11:53:59,2023-10-25 11:53:48,UTC-0400,2023-10-25 11:53:00
82,47,3,74,379,2023-10-26 02:25:00,2023-10-26 09:10:05,2023-10-26 09:09:41,UTC-0400,2023-10-26 08:44:00
86,74,6,83,551,2023-10-27 01:02:00,2023-10-27 10:14:00,2023-10-27 10:13:50,UTC-0400,2023-10-27 10:13:00
58,50,5,53,476,2023-10-28 01:09:00,2023-10-28 09:29:18,2023-10-28 09:29:08,UTC-0400,2023-10-28 09:05:00
55,50,1,64,85,2023-10-29 03:23:00,2023-10-29 07:52:40,2023-10-29 05:13:42,UTC-0400,2023-10-29 04:48:00
80,22,2,70,136,2023-10-29 05:11:00,2023-10-29 07:52:40,2023-10-29 07:52:36,UTC-0400,2023-10-29 07:27:00
47,38,2,46,220,2023-10-29 08:11:00,2023-10-29 12:15:20,2023-10-29 12:15:05,UTC-0400,2023-10-29 11:51:00
62,55,2,65,366,2023-10-30 04:17:00,2023-10-30 10:23:23,2023-10-30 10:23:10,UTC-0400,2023-10-30 10:23:00
70,86,7,50,554,2023-10-31 01:47:00,2023-10-31 11:55:16,2023-10-31 11:51:27,UTC-0400,2023-10-31 11:01:00
91,83,6,58,591,2023-11-01 02:56:00,2023-11-01 13:37:26,2023-11-01 13:37:17,UTC-0400,2023-11-01 12:47:00
84,46,3,51,307,2023-11-02 05:43:00,2023-11-02 14:18:22,2023-11-02 11:44:30,UTC-0400,2023-11-02 10:50:00
91,69,5,91,486,2023-11-03 04:46:00,2023-11-03 13:41:16,2023-11-03 13:41:11,UTC-0400,2023-11-03 12:52:00
87,49,4,56,354,2023-11-04 06:38:00,2023-11-04 13:18:24,2023-11-04 13:18:12,UTC-0400,2023-11-04 12:32:00
91,70,5,64,412,2023-11-05 06:03:00,2023-11-05 13:20:29,2023-11-05 13:20:20,UTC-0500,2023-11-05 12:55:00
83,60,3,62,359,2023-11-06 06:28:00,2023-11-06 13:15:25,2023-11-06 13:15:20,UTC-0500,2023-11-06 12:27:00
76,67,4,87,453,2023-11-07 06:08:00,2023-11-07 14:22:58,2023-11-07 14:22:51,UTC-0500,2023-11-07 13:41:00
78,63,4,82,454,2023-11-08 05:05:00,2023-11-08 13:40:30,2023-11-08 13:39:41,UTC-0500,2023-11-08 12:39:00
90,49,4,54,375,2023-11-09 06:36:00,2023-11-09 13:39:00,2023-11-09 13:38:46,UTC-0500,2023-11-09 12:51:00
94,76,5,59,561,2023-11-10 05:48:00,2023-11-10 15:58:39,2023-11-10 15:58:32,UTC-0500,2023-11-10 15:09:00
76,45,2,57,214,2023-11-11 06:14:00,2023-11-11 14:34:07,2023-11-11 10:32:40,UTC-0500,2023-11-11 09:48:00
73,55,1,55,107,2023-11-11 12:01:00,2023-11-11 14:34:07,2023-11-11 14:34:00,UTC-0500,2023-11-11 13:48:00
88,73,4,93,470,2023-11-12 05:46:00,2023-11-12 14:25:23,2023-11-12 14:25:12,UTC-0500,2023-11-12 13:36:00
86,72,4,91,465,2023-11-13 05:24:00,2023-11-13 13:58:27,2023-11-13 13:58:11,UTC-0500,2023-11-13 13:09:00
90,84,5,61,583,2023-11-15 14:49:00,2023-11-16 00:41:59,2023-11-16 00:41:41,UTC+0800,2023-11-16 00:32:00
75,18,1,41,114,2023-11-16 15:19:00,2023-11-16 22:57:53,2023-11-16 17:17:27,UTC+0800,2023-11-16 17:13:00
75,13,2,33,130,2023-11-16 20:03:00,2023-11-16 22:57:53,2023-11-16 22:57:48,UTC+0800,2023-11-16 22:13:00
83,65,3,86,478,2023-11-17 17:09:00,2023-11-18 02:00:58,2023-11-18 02:00:51,UTC+0800,2023-11-18 01:07:00
73,64,4,85,424,2023-11-18 18:06:00,2023-11-19 02:29:10,2023-11-19 02:29:04,UTC+0800,2023-11-19 01:10:00
77,49,2,48,348,2023-11-19 18:21:00,2023-11-20 00:57:45,2023-11-20 00:57:39,UTC+0800,2023-11-20 00:09:00
83,55,3,57,391,2023-11-20 17:33:00,2023-11-21 00:58:44,2023-11-21 00:58:36,UTC+0800,2023-11-21 00:04:00
88,54,4,60,327,2023-11-21 18:35:00,2023-11-22 00:50:42,2023-11-22 00:50:37,UTC+0800,2023-11-22 00:02:00
83,80,6,53,616,2023-11-22 18:24:00,2023-11-23 05:31:10,2023-11-23 05:28:33,UTC+0800,2023-11-23 04:40:00
85,62,4,58,404,2023-11-23 18:26:00,2023-11-24 01:55:36,2023-11-24 01:55:30,UTC+0800,2023-11-24 01:10:00
80,57,3,54,364,2023-11-24 19:58:00,2023-11-25 02:52:26,2023-11-25 02:07:28,UTC+0800,2023-11-25 02:02:00
81,61,3,90,439,2023-11-25 17:03:00,2023-11-26 00:39:20,2023-11-26 00:39:09,UTC+0800,2023-11-26 00:22:00
57,62,4,82,446,2023-11-26 19:03:00,2023-11-27 02:34:57,2023-11-27 02:34:50,UTC+0800,2023-11-27 02:29:00
75,69,4,84,529,2023-11-27 17:38:00,2023-11-28 02:33:03,2023-11-28 02:32:51,UTC+0800,2023-11-28 02:27:00
63,62,5,77,480,2023-11-28 18:29:00,2023-11-29 02:35:08,2023-11-29 02:34:59,UTC+0800,2023-11-29 02:29:00
84,46,4,51,362,2023-11-29 18:45:00,2023-11-30 01:20:39,2023-11-30 01:20:29,UTC+0800,2023-11-30 00:47:00
85,58,4,57,280,2023-11-30 17:05:00,2023-12-01 01:43:59,2023-11-30 22:15:31,UTC+0800,2023-11-30 21:45:00
49,27,1,45,178,2023-11-30 22:17:00,2023-12-01 01:43:59,2023-12-01 01:43:36,UTC+0800,2023-12-01 01:15:00
79,54,3,58,361,2023-12-01 19:00:00,2023-12-02 01:14:40,2023-12-02 01:14:21,UTC+0800,2023-12-02 01:01:00
88,78,5,88,455,2023-12-02 17:06:00,2023-12-03 01:08:18,2023-12-03 01:07:34,UTC+0800,2023-12-03 00:41:00
80,67,3,84,498,2023-12-03 17:49:00,2023-12-04 03:19:23,2023-12-04 03:19:12,UTC+0800,2023-12-04 02:07:00
79,46,2,58,242,2023-12-04 21:20:00,2023-12-05 01:44:01,2023-12-05 01:43:56,UTC+0800,2023-12-05 01:22:00
82,56,3,63,368,2023-12-05 18:36:00,2023-12-06 01:06:05,2023-12-06 01:05:46,UTC+0800,2023-12-06 00:44:00
83,59,3,59,361,2023-12-06 19:18:00,2023-12-07 01:25:04,2023-12-07 01:24:56,UTC+0800,2023-12-07 01:19:00
79,48,2,57,274,2023-12-07 18:56:00,2023-12-07 23:46:32,2023-12-07 23:46:23,UTC+0800,2023-12-07 23:30:00
80,61,4,82,455,2023-12-08 17:11:00,2023-12-09 01:04:44,2023-12-09 01:04:33,UTC+0800,2023-12-09 00:46:00
66,67,2,55,331,2023-12-09 19:10:00,2023-12-10 01:16:38,2023-12-10 01:16:30,UTC+0800,2023-12-10 00:41:00
66,49,4,78,428,2023-12-10 19:02:00,2023-12-11 02:31:08,2023-12-11 02:30:58,UTC+0800,2023-12-11 02:10:00
77,49,2,55,306,2023-12-11 18:56:00,2023-12-12 00:49:52,2023-12-12 00:49:45,UTC+0800,2023-12-12 00:02:00
70,54,4,53,356,2023-12-12 19:20:00,2023-12-13 01:21:05,2023-12-13 01:21:00,UTC+0800,2023-12-13 01:16:00
75,46,1,55,183,2023-12-13 14:13:00,2023-12-14 00:28:36,2023-12-13 18:04:59,UTC+0800,2023-12-13 17:16:00
77,49,2,53,324,2023-12-13 18:50:00,2023-12-14 00:28:36,2023-12-14 00:28:30,UTC+0800,2023-12-14 00:14:00
70,54,4,58,259,2023-12-14 19:30:00,2023-12-15 00:00:13,2023-12-14 23:59:55,UTC+0800,2023-12-14 23:49:00
80,41,3,48,344,2023-12-15 19:10:00,2023-12-16 00:59:38,2023-12-16 00:59:32,UTC+0800,2023-12-16 00:54:00
80,34,2,49,276,2023-12-16 19:27:00,2023-12-17 00:03:15,2023-12-17 00:03:08,UTC+0800,2023-12-17 00:03:00
78,77,5,84,523,2023-12-17 16:14:00,2023-12-18 01:22:18,2023-12-18 01:22:03,UTC+0800,2023-12-18 00:57:00
85,74,7,50,543,2023-12-18 17:32:00,2023-12-19 03:25:05,2023-12-19 03:24:55,UTC+0800,2023-12-19 02:35:00
75,15,1,32,148,2023-12-19 19:53:00,2023-12-20 01:04:36,2023-12-19 22:46:48,UTC+0800,2023-12-19 22:21:00
56,34,1,53,102,2023-12-19 22:58:00,2023-12-20 01:04:36,2023-12-20 01:04:31,UTC+0800,2023-12-20 00:40:00
89,58,4,78,477,2023-12-20 18:22:00,2023-12-21 02:24:14,2023-12-21 02:24:00,UTC+0800,2023-12-21 02:19:00
84,52,4,81,423,2023-12-21 18:42:00,2023-12-22 01:59:26,2023-12-22 01:59:12,UTC+0800,2023-12-22 01:45:00
82,72,3,89,443,2023-12-22 16:39:00,2023-12-23 00:06:33,2023-12-23 00:06:18,UTC+0800,2023-12-23 00:02:00
60,55,1,55,220,2023-12-23 18:01:00,2023-12-23 21:46:10,2023-12-23 21:46:03,UTC+0800,2023-12-23 21:41:00
76,20,2,48,164,2023-12-23 21:53:00,2023-12-24 00:52:29,2023-12-24 00:52:22,UTC+0800,2023-12-24 00:37:00
83,57,3,63,368,2023-12-24 20:04:00,2023-12-25 02:21:12,2023-12-25 02:21:04,UTC+0800,2023-12-25 02:12:00
76,43,2,57,289,2023-12-25 20:11:00,2023-12-26 01:15:44,2023-12-26 01:15:35,UTC+0800,2023-12-26 01:00:00
79,44,2,56,251,2023-12-26 21:12:00,2023-12-27 01:39:58,2023-12-27 01:39:49,UTC+0800,2023-12-27 01:23:00
80,63,3,58,325,2023-12-27 19:41:00,2023-12-28 01:17:22,2023-12-28 01:16:48,UTC+0800,2023-12-28 01:06:00
87,65,4,80,514,2023-12-28 17:08:00,2023-12-29 02:06:14,2023-12-29 02:06:04,UTC+0800,2023-12-29 01:42:00
65,83,6,84,560,2023-12-29 15:16:00,2023-12-30 00:36:14,2023-12-30 00:36:04,UTC+0800,2023-12-30 00:36:00
84,40,3,59,286,2023-12-30 20:32:00,2023-12-31 01:36:34,2023-12-31 01:35:55,UTC+0800,2023-12-31 01:18:00
69,64,3,70,316,2023-12-31 19:59:00,2024-01-01 01:20:54,2024-01-01 01:20:45,UTC+0800,2024-01-01 01:15:00
100,100,7,57,828,2024-01-01 10:49:00,2024-01-02 01:03:42,2024-01-02 00:57:34,UTC+0800,2024-01-02 00:37:00
91,94,5,75,619,2024-01-02 19:22:00,2024-01-03 06:26:35,2024-01-03 06:25:45,UTC+0800,2024-01-03 05:41:00
77,49,2,58,241,2024-01-03 19:00:00,2024-01-04 02:11:06,2024-01-03 23:31:16,UTC+0800,2024-01-03 23:01:00
75,15,1,48,123,2024-01-03 23:41:00,2024-01-04 02:11:06,2024-01-04 01:49:02,UTC+0800,2024-01-04 01:44:00
72,31,1,53,123,2024-01-04 18:43:00,2024-01-05 02:08:19,2024-01-04 21:13:33,UTC+0800,2024-01-04 20:46:00
58,32,1,53,256,2024-01-04 21:37:00,2024-01-05 02:08:19,2024-01-05 02:07:12,UTC+0800,2024-01-05 01:53:00
82,61,3,78,359,2024-01-05 18:51:00,2024-01-06 01:18:58,2024-01-06 01:18:47,UTC+0800,2024-01-06 00:50:00
69,32,2,51,227,2024-01-06 20:59:00,2024-01-07 00:46:36,2024-01-07 00:46:20,UTC+0800,2024-01-07 00:46:00
90,93,5,44,885,2024-01-07 07:51:00,2024-01-08 03:01:22,2024-01-07 22:36:14,UTC+0800,2024-01-07 22:36:00
75,25,1,56,107,2024-01-08 00:32:00,2024-01-08 03:01:22,2024-01-08 03:01:15,UTC+0800,2024-01-08 02:19:00
80,57,3,75,382,2024-01-08 20:00:00,2024-01-09 02:48:37,2024-01-09 02:48:21,UTC+0800,2024-01-09 02:22:00
74,59,3,79,372,2024-01-09 19:31:00,2024-01-10 01:49:22,2024-01-10 01:48:51,UTC+0800,2024-01-10 01:43:00
66,78,4,85,543,2024-01-10 16:43:00,2024-01-11 02:08:15,2024-01-11 02:08:00,UTC+0800,2024-01-11 01:46:00
76,45,3,72,393,2024-01-11 19:12:00,2024-01-12 01:55:49,2024-01-12 01:55:36,UTC+0800,2024-01-12 01:45:00
79,86,6,80,568,2024-01-12 16:59:00,2024-01-13 02:58:04,2024-01-13 02:57:53,UTC+0800,2024-01-13 02:27:00
79,45,2,56,257,2024-01-13 18:07:00,2024-01-14 01:21:21,2024-01-13 22:33:18,UTC+0800,2024-01-13 22:24:00
77,25,2,53,144,2024-01-13 22:47:00,2024-01-14 01:21:21,2024-01-14 01:21:14,UTC+0800,2024-01-14 01:11:00
41,54,3,73,402,2024-01-14 18:28:00,2024-01-15 01:27:10,2024-01-15 01:26:15,UTC+0800,2024-01-15 01:10:00
81,53,3,80,392,2024-01-15 19:24:00,2024-01-16 02:42:43,2024-01-16 02:42:35,UTC+0800,2024-01-16 01:56:00
86,77,4,89,453,2024-01-16 18:41:00,2024-01-17 03:21:25,2024-01-17 03:20:47,UTC+0800,2024-01-17 02:14:00
71,61,4,80,394,2024-01-17 19:15:00,2024-01-18 02:19:12,2024-01-18 02:18:26,UTC+0800,2024-01-18 01:49:00
79,77,6,86,476,2024-01-18 18:17:00,2024-01-19 02:18:45,2024-01-19 02:18:30,UTC+0800,2024-01-19 02:13:00
69,70,3,85,416,2024-01-19 18:27:00,2024-01-20 01:28:22,2024-01-20 01:28:08,UTC+0800,2024-01-20 01:23:00
63,75,2,61,277,2024-01-20 18:15:00,2024-01-21 01:20:25,2024-01-20 23:16:39,UTC+0800,2024-01-20 22:52:00
59,34,1,53,96,2024-01-20 23:31:00,2024-01-21 01:20:26,2024-01-21 01:20:20,UTC+0800,2024-01-21 01:07:00
71,66,3,81,451,2024-01-21 17:26:00,2024-01-22 01:17:48,2024-01-22 01:16:13,UTC+0800,2024-01-22 00:57:00
74,17,1,49,90,2024-01-22 17:20:00,2024-01-22 21:25:57,2024-01-22 19:15:07,UTC+0800,2024-01-22 18:50:00
75,25,1,56,107,2024-01-22 19:14:00,2024-01-22 21:25:57,2024-01-22 21:25:51,UTC+0800,2024-01-22 21:01:00
77,46,2,62,209,2024-01-22 21:18:00,2024-01-23 01:29:20,2024-01-23 01:29:12,UTC+0800,2024-01-23 00:47:00
89,65,5,77,535,2024-01-23 17:13:00,2024-01-24 02:08:39,2024-01-24 02:08:21,UTC+0800,2024-01-24 02:08:00
87,66,4,85,469,2024-01-24 17:23:00,2024-01-25 01:37:25,2024-01-25 01:37:15,UTC+0800,2024-01-25 01:12:00
79,35,2,57,240,2024-01-25 21:14:00,2024-01-26 01:14:17,2024-01-26 01:14:07,UTC+0800,2024-01-26 01:14:00
74,52,3,72,374,2024-01-26 18:59:00,2024-01-27 01:18:58,2024-01-27 01:18:47,UTC+0800,2024-01-27 01:13:00
75,62,1,61,258,2024-01-28 01:26:00,2024-01-28 06:30:14,2024-01-28 06:30:04,UTC+0800,2024-01-28 05:44:00
74,76,4,89,448,2024-01-28 16:39:00,2024-01-29 00:37:46,2024-01-29 00:37:34,UTC+0800,2024-01-29 00:07:00
74,68,4,83,381,2024-01-30 18:07:00,2024-01-31 00:33:58,2024-01-31 00:33:48,UTC+0800,2024-01-31 00:28:00
,,,,,2024-01-29 22:00:00,2024-01-31 10:29:25,2024-01-31 10:29:25,UTC+0800,2024-01-30 01:50:00
87,72,4,91,441,2024-01-31 17:46:00,2024-02-01 01:16:32,2024-02-01 01:16:23,UTC+0800,2024-02-01 01:07:00
78,60,4,86,422,2024-02-01 17:55:00,2024-02-02 01:02:48,2024-02-02 01:02:40,UTC+0800,2024-02-02 00:57:00
70,9,0,39,52,2024-02-02 07:05:00,2024-02-02 08:28:48,2024-02-02 08:28:43,UTC+0800,2024-02-02 07:57:00
68,67,4,83,476,2024-02-02 17:13:00,2024-02-03 01:10:19,2024-02-03 01:09:59,UTC+0800,2024-02-03 01:09:00
73,21,1,46,159,2024-02-03 17:59:00,2024-02-04 01:30:08,2024-02-03 20:38:34,UTC+0800,2024-02-03 20:38:00
75,37,1,54,189,2024-02-03 21:41:00,2024-02-04 01:30:08,2024-02-04 01:30:02,UTC+0800,2024-02-04 00:50:00
70,9,0,39,59,2024-02-04 01:35:00,2024-02-04 02:47:58,2024-02-04 02:47:51,UTC+0800,2024-02-04 02:34:00
,,,,,2024-02-04 19:10:00,2024-02-04 23:29:37,2024-02-04 23:29:37,UTC+0800,2024-02-04 22:20:00
86,75,4,97,437,2024-02-05 16:53:00,2024-02-06 00:20:02,2024-02-06 00:19:49,UTC+0800,2024-02-06 00:10:00
61,64,5,78,482,2024-02-06 18:08:00,2024-02-07 02:19:35,2024-02-07 02:19:19,UTC+0800,2024-02-07 02:10:00
95,83,6,82,575,2024-02-07 18:35:00,2024-02-08 05:02:58,2024-02-08 05:02:46,UTC+0800,2024-02-08 04:10:00
81,82,6,84,545,2024-02-08 19:39:00,2024-02-09 05:28:58,2024-02-09 05:28:43,UTC+0800,2024-02-09 04:44:00
84,71,4,86,520,2024-02-09 18:17:00,2024-02-10 03:20:25,2024-02-10 03:20:08,UTC+0800,2024-02-10 02:57:00
84,64,3,85,410,2024-02-10 17:56:00,2024-02-11 01:05:37,2024-02-11 01:05:22,UTC+0800,2024-02-11 00:46:00
74,32,1,50,196,2024-02-11 17:17:00,2024-02-12 01:19:31,2024-02-11 21:11:21,UTC+0800,2024-02-11 20:33:00
62,40,2,51,249,2024-02-11 21:05:00,2024-02-12 01:19:31,2024-02-12 01:19:21,UTC+0800,2024-02-12 01:14:00
89,64,5,81,473,2024-02-12 17:02:00,2024-02-13 01:14:41,2024-02-13 01:14:14,UTC+0800,2024-02-13 00:55:00
74,83,5,74,586,2024-02-13 16:26:00,2024-02-14 02:24:10,2024-02-14 02:22:15,UTC+0800,2024-02-14 02:12:00
83,66,3,80,488,2024-02-14 17:55:00,2024-02-15 02:04:07,2024-02-15 02:03:58,UTC+0800,2024-02-15 02:03:00
76,47,2,58,208,2024-02-15 17:43:00,2024-02-16 01:31:16,2024-02-15 22:06:15,UTC+0800,2024-02-15 21:11:00
65,36,2,52,179,2024-02-15 22:16:00,2024-02-16 01:31:16,2024-02-16 01:31:07,UTC+0800,2024-02-16 01:15:00
80,44,3,67,415,2024-02-16 19:02:00,2024-02-17 02:07:16,2024-02-17 02:07:04,UTC+0800,2024-02-17 01:57:00
46,71,5,53,624,2024-02-17 15:35:00,2024-02-18 02:04:19,2024-02-18 02:04:02,UTC+0800,2024-02-18 01:59:00
97,87,6,71,633,2024-02-18 15:37:00,2024-02-19 03:25:14,2024-02-19 03:23:26,UTC+0800,2024-02-19 02:10:00
78,48,2,60,287,2024-02-19 21:54:00,2024-02-20 03:23:51,2024-02-20 03:23:17,UTC+0800,2024-02-20 02:41:00
67,61,3,77,390,2024-02-20 19:32:00,2024-02-21 02:14:13,2024-02-21 02:12:11,UTC+0800,2024-02-21 02:02:00
79,51,3,63,315,2024-02-21 19:59:00,2024-02-22 01:16:37,2024-02-22 01:16:30,UTC+0800,2024-02-22 01:14:00
88,69,4,89,486,2024-02-22 17:47:00,2024-02-23 02:15:17,2024-02-23 02:15:01,UTC+0800,2024-02-23 01:53:00
75,50,2,60,273,2024-02-23 12:57:00,2024-02-24 01:05:04,2024-02-23 18:18:02,UTC+0800,2024-02-23 17:30:00
72,13,1,56,81,2024-02-23 23:30:00,2024-02-24 01:05:04,2024-02-24 01:03:45,UTC+0800,2024-02-24 00:51:00
68,88,6,64,646,2024-02-24 14:23:00,2024-02-25 01:15:23,2024-02-25 01:14:52,UTC+0800,2024-02-25 01:09:00
70,6,0,28,58,2024-02-25 14:38:00,2024-02-25 16:00:35,2024-02-25 16:00:29,UTC+0800,2024-02-25 15:36:00
76,52,2,76,384,2024-02-25 18:15:00,2024-02-26 01:30:15,2024-02-26 01:27:48,UTC+0800,2024-02-26 00:39:00
74,36,1,52,240,2024-02-26 20:50:00,2024-02-27 01:00:48,2024-02-27 01:00:40,UTC+0800,2024-02-27 00:50:00
78,66,3,88,491,2024-02-27 16:45:00,2024-02-28 01:13:27,2024-02-28 01:05:38,UTC+0800,2024-02-28 00:56:00
69,89,5,61,675,2024-02-28 16:40:00,2024-02-29 04:25:48,2024-02-29 04:25:33,UTC+0800,2024-02-29 03:55:00
73,34,1,52,107,2024-02-29 16:50:00,2024-02-29 21:11:53,2024-02-29 19:12:15,UTC+0800,2024-02-29 18:37:00
73,17,1,49,99,2024-02-29 19:05:00,2024-02-29 21:11:53,2024-02-29 21:11:46,UTC+0800,2024-02-29 20:44:00
74,26,1,53,164,2024-02-29 21:43:00,2024-03-01 01:12:56,2024-03-01 01:12:47,UTC+0800,2024-03-01 00:27:00
,,,,,2024-03-01 20:10:00,2024-03-02 01:54:17,2024-03-02 01:54:17,UTC+0800,2024-03-02 01:20:00
68,60,3,76,400,2024-03-03 19:54:00,2024-03-04 03:48:28,2024-03-04 03:47:52,UTC+0800,2024-03-04 02:34:00
64,55,3,78,459,2024-03-04 18:35:00,2024-03-05 02:20:30,2024-03-05 02:19:33,UTC+0800,2024-03-05 02:14:00
78,33,2,56,297,2024-03-05 19:50:00,2024-03-06 00:52:14,2024-03-06 00:52:05,UTC+0800,2024-03-06 00:47:00
80,76,5,57,664,2024-03-06 13:57:00,2024-03-07 01:05:56,2024-03-07 01:05:12,UTC+0800,2024-03-07 01:01:00
64,60,3,74,371,2024-03-07 18:44:00,2024-03-08 01:06:31,2024-03-08 01:06:20,UTC+0800,2024-03-08 00:55:00
,,,,,2024-03-07 18:50:00,2024-03-09 19:33:29,2024-03-09 19:33:29,UTC+0800,2024-03-08 01:00:00
70,55,3,78,377,2024-03-09 19:47:00,2024-03-10 02:09:59,2024-03-10 02:09:45,UTC+0800,2024-03-10 02:04:00
79,53,2,69,283,2024-03-10 20:29:00,2024-03-11 01:22:36,2024-03-11 01:22:24,UTC+0800,2024-03-11 01:12:00
,,,,,2024-03-08 17:10:00,2024-03-11 08:51:41,2024-03-11 08:51:41,UTC+0800,2024-03-09 01:30:00
,,,,,2024-03-08 17:10:00,2024-03-11 08:52:02,2024-03-11 08:52:02,UTC+0800,2024-03-09 01:30:00
,,,,,2024-03-02 19:10:00,2024-03-11 08:52:12,2024-03-11 08:52:12,UTC+0800,2024-03-03 01:00:00
66,74,2,70,308,2024-03-11 15:00:00,2024-03-12 02:10:40,2024-03-11 20:49:55,UTC+0800,2024-03-11 20:08:00
59,32,1,52,187,2024-03-11 22:57:00,2024-03-12 02:10:40,2024-03-12 02:09:34,UTC+0800,2024-03-12 02:04:00
,,,,,2024-03-12 20:40:00,2024-03-13 07:28:26,2024-03-13 07:28:26,UTC+0800,2024-03-13 01:10:00
78,49,2,56,237,2024-03-13 13:03:00,2024-03-14 01:40:02,2024-03-13 17:42:50,UTC+0800,2024-03-13 17:00:00
78,51,2,73,371,2024-03-13 18:11:00,2024-03-14 01:40:02,2024-03-14 01:10:19,UTC+0800,2024-03-14 00:22:00
78,55,3,72,339,2024-03-14 19:31:00,2024-03-15 01:19:40,2024-03-15 01:19:30,UTC+0800,2024-03-15 01:10:00
88,67,4,83,415,2024-03-15 18:03:00,2024-03-16 01:52:19,2024-03-16 01:07:28,UTC+0800,2024-03-16 00:58:00
78,60,3,80,403,2024-03-16 13:41:00,2024-03-17 01:32:50,2024-03-16 21:24:18,UTC+0800,2024-03-16 20:24:00
72,25,1,54,113,2024-03-16 23:24:00,2024-03-17 01:32:50,2024-03-17 01:32:41,UTC+0800,2024-03-17 01:17:00
,,,,,2024-03-17 18:30:00,2024-03-18 06:34:57,2024-03-18 06:34:57,UTC+0800,2024-03-18 01:10:00
82,56,3,80,429,2024-03-18 18:42:00,2024-03-19 02:00:05,2024-03-19 01:59:18,UTC+0800,2024-03-19 01:51:00
93,89,6,63,665,2024-03-19 13:54:00,2024-03-20 01:19:22,2024-03-20 01:18:34,UTC+0800,2024-03-20 00:59:00
78,68,5,78,516,2024-03-20 16:49:00,2024-03-21 01:30:56,2024-03-21 01:30:41,UTC+0800,2024-03-21 01:25:00
78,77,6,54,681,2024-03-21 13:49:00,2024-03-22 01:16:21,2024-03-22 01:15:51,UTC+0800,2024-03-22 01:10:00
39,83,6,79,568,2024-03-22 19:24:00,2024-03-23 05:36:16,2024-03-23 05:36:00,UTC+0800,2024-03-23 04:52:00
72,21,1,51,69,2024-03-23 16:29:00,2024-03-23 23:27:59,2024-03-23 18:05:09,UTC+0800,2024-03-23 17:38:00
79,46,2,59,275,2024-03-23 17:58:00,2024-03-23 23:27:59,2024-03-23 23:19:54,UTC+0800,2024-03-23 22:33:00
77,49,2,66,326,2024-03-24 19:45:00,2024-03-25 01:25:10,2024-03-25 01:24:39,UTC+0800,2024-03-25 01:11:00
83,70,4,83,435,2024-03-25 18:09:00,2024-03-26 01:24:48,2024-03-26 01:24:18,UTC+0800,2024-03-26 01:24:00
72,70,4,85,392,2024-03-26 18:27:00,2024-03-27 01:04:57,2024-03-27 01:04:46,UTC+0800,2024-03-27 00:59:00
85,65,3,87,439,2024-03-27 17:50:00,2024-03-28 01:31:12,2024-03-28 01:30:57,UTC+0800,2024-03-28 01:09:00
83,71,4,82,467,2024-03-28 17:09:00,2024-03-29 01:29:18,2024-03-29 01:27:28,UTC+0800,2024-03-29 00:56:00
59,35,2,52,164,2024-03-29 22:23:00,2024-03-30 01:22:32,2024-03-30 01:22:25,UTC+0800,2024-03-30 01:07:00
,,,,,2024-03-30 18:15:00,2024-03-31 04:27:24,2024-03-31 04:26:16,UTC+0800,2024-03-31 00:40:00
88,79,5,84,544,2024-03-31 15:30:00,2024-04-01 01:23:26,2024-04-01 01:22:39,UTC+0800,2024-04-01 00:34:00
75,79,4,77,572,2024-04-01 16:27:00,2024-04-02 02:04:52,2024-04-02 02:04:38,UTC+0800,2024-04-02 01:59:00
82,67,4,82,433,2024-04-02 16:45:00,2024-04-03 00:03:24,2024-04-03 00:03:00,UTC+0800,2024-04-02 23:58:00
75,54,1,58,109,2024-04-03 13:54:00,2024-04-03 16:27:38,2024-04-03 16:27:29,UTC+0800,2024-04-03 15:43:00
85,65,4,85,440,2024-04-03 17:11:00,2024-04-04 01:23:33,2024-04-04 01:20:26,UTC+0800,2024-04-04 00:31:00
91,76,6,73,585,2024-04-04 14:59:00,2024-04-05 00:55:12,2024-04-05 00:55:03,UTC+0800,2024-04-05 00:44:00
67,46,2,57,313,2024-04-05 19:10:00,2024-04-06 00:29:35,2024-04-06 00:29:27,UTC+0800,2024-04-06 00:23:00
90,81,5,66,639,2024-04-06 15:42:00,2024-04-07 02:21:12,2024-04-07 02:21:03,UTC+0800,2024-04-07 02:21:00
61,61,3,78,442,2024-04-07 17:42:00,2024-04-08 01:21:16,2024-04-08 01:20:15,UTC+0800,2024-04-08 01:04:00
88,56,4,84,443,2024-04-08 18:02:00,2024-04-09 01:25:49,2024-04-09 01:25:29,UTC+0800,2024-04-09 01:25:00
73,45,1,54,153,2024-04-09 12:12:00,2024-04-09 15:25:04,2024-04-09 15:24:54,UTC+0800,2024-04-09 14:45:00
58,41,1,50,278,2024-04-09 16:53:00,2024-04-10 00:08:55,2024-04-09 22:10:09,UTC+0800,2024-04-09 21:31:00
69,14,0,41,47,2024-04-09 22:34:00,2024-04-10 00:08:55,2024-04-10 00:08:48,UTC+0800,2024-04-09 23:21:00
92,73,5,82,544,2024-04-10 16:18:00,2024-04-11 01:52:55,2024-04-11 01:34:03,UTC+0800,2024-04-11 01:22:00
84,72,3,88,453,2024-04-11 17:17:00,2024-04-12 01:17:38,2024-04-12 01:16:57,UTC+0800,2024-04-12 00:50:00
87,64,4,74,559,2024-04-12 15:46:00,2024-04-13 01:51:53,2024-04-13 01:50:09,UTC+0800,2024-04-13 01:05:00
60,40,2,51,252,2024-04-13 15:33:00,2024-04-13 20:07:26,2024-04-13 20:07:18,UTC+0800,2024-04-13 19:45:00
80,45,2,57,240,2024-04-14 04:13:00,2024-04-14 09:06:04,2024-04-14 09:04:22,UTC+0800,2024-04-14 08:13:00
53,72,3,79,535,2024-04-14 16:01:00,2024-04-15 01:17:00,2024-04-15 01:16:42,UTC+0800,2024-04-15 00:56:00
78,59,2,78,471,2024-04-15 18:31:00,2024-04-16 03:17:48,2024-04-16 03:17:36,UTC+0800,2024-04-16 02:22:00
75,33,1,53,138,2024-04-16 17:37:00,2024-04-17 01:31:12,2024-04-16 20:20:23,UTC+0800,2024-04-16 19:55:00
74,40,1,59,307,2024-04-16 20:15:00,2024-04-17 01:31:12,2024-04-17 01:31:02,UTC+0800,2024-04-17 01:22:00
59,62,6,77,502,2024-04-17 16:54:00,2024-04-18 01:52:54,2024-04-18 01:24:44,UTC+0800,2024-04-18 01:16:00
77,55,2,56,231,2024-04-18 18:44:00,2024-04-19 01:19:43,2024-04-18 23:17:03,UTC+0800,2024-04-18 22:35:00
70,16,0,36,75,2024-04-18 23:46:00,2024-04-19 01:19:43,2024-04-19 01:19:37,UTC+0800,2024-04-19 01:01:00
70,25,0,40,97,2024-04-19 13:00:00,2024-04-19 15:25:44,2024-04-19 15:25:37,UTC+0800,2024-04-19 14:37:00
87,62,4,80,475,2024-04-19 17:32:00,2024-04-20 01:33:23,2024-04-20 01:33:13,UTC+0800,2024-04-20 01:27:00
78,49,2,60,297,2024-04-20 19:26:00,2024-04-21 00:31:48,2024-04-21 00:31:43,UTC+0800,2024-04-21 00:23:00
49,70,5,74,560,2024-04-21 15:51:00,2024-04-22 01:11:54,2024-04-22 01:11:29,UTC+0800,2024-04-22 01:11:00
70,21,0,36,63,2024-04-22 18:07:00,2024-04-23 01:29:04,2024-04-22 19:36:53,UTC+0800,2024-04-22 19:10:00
76,42,4,59,348,2024-04-22 19:35:00,2024-04-23 01:29:04,2024-04-23 01:28:46,UTC+0800,2024-04-23 01:23:00
68,63,3,80,399,2024-04-23 13:43:00,2024-04-23 22:53:14,2024-04-23 20:49:37,UTC+0800,2024-04-23 20:22:00
69,54,0,40,73,2024-04-23 20:58:00,2024-04-23 22:53:14,2024-04-23 22:51:15,UTC+0800,2024-04-23 22:11:00
66,56,3,74,387,2024-04-24 18:56:00,2024-04-25 01:28:46,2024-04-25 01:28:32,UTC+0800,2024-04-25 01:23:00
76,54,2,73,335,2024-04-25 20:05:00,2024-04-26 02:36:55,2024-04-26 02:36:46,UTC+0800,2024-04-26 01:40:00
86,71,4,77,555,2024-04-26 16:59:00,2024-04-27 02:20:25,2024-04-27 02:19:44,UTC+0800,2024-04-27 02:14:00
75,49,1,56,164,2024-04-27 15:55:00,2024-04-28 01:34:42,2024-04-27 19:33:41,UTC+0800,2024-04-27 18:39:00
80,43,2,61,319,2024-04-27 19:33:00,2024-04-28 01:34:42,2024-04-28 01:34:31,UTC+0800,2024-04-28 00:52:00
78,28,2,52,230,2024-04-28 21:23:00,2024-04-29 01:18:46,2024-04-29 01:18:38,UTC+0800,2024-04-29 01:13:00
73,50,1,55,181,2024-04-29 17:16:00,2024-04-30 02:15:24,2024-04-29 21:03:07,UTC+0800,2024-04-29 20:17:00
75,54,2,65,233,2024-04-29 21:03:00,2024-04-30 02:15:24,2024-04-30 02:15:12,UTC+0800,2024-04-30 00:56:00
61,39,2,48,161,2024-04-30 18:05:00,2024-05-01 02:26:59,2024-04-30 21:22:15,UTC+0800,2024-04-30 20:46:00
77,53,2,63,237,2024-04-30 21:27:00,2024-05-01 02:26:59,2024-05-01 02:26:46,UTC+0800,2024-05-01 01:24:00
67,51,2,67,306,2024-05-01 18:07:00,2024-05-01 23:19:06,2024-05-01 23:18:55,UTC+0800,2024-05-01 23:13:00
76,76,5,89,472,2024-05-02 17:28:00,2024-05-03 01:29:58,2024-05-03 01:29:40,UTC+0800,2024-05-03 01:20:00
70,63,3,82,468,2024-05-03 18:07:00,2024-05-04 02:10:25,2024-05-04 02:09:46,UTC+0800,2024-05-04 01:55:00
79,50,2,64,327,2024-05-04 20:27:00,2024-05-05 02:07:38,2024-05-05 02:07:28,UTC+0800,2024-05-05 01:54:00
69,57,3,73,377,2024-05-05 18:49:00,2024-05-06 01:30:33,2024-05-06 01:30:21,UTC+0800,2024-05-06 01:06:00
59,62,3,81,421,2024-05-06 18:03:00,2024-05-07 01:04:33,2024-05-07 01:04:24,UTC+0800,2024-05-07 01:04:00
79,68,6,68,583,2024-05-07 17:15:00,2024-05-08 03:48:00,2024-05-08 03:47:21,UTC+0800,2024-05-08 02:58:00
70,10,0,28,102,2024-05-08 04:08:00,2024-05-08 06:15:39,2024-05-08 06:14:05,UTC+0800,2024-05-08 05:50:00
70,33,0,40,62,2024-05-08 15:50:00,2024-05-08 17:20:14,2024-05-08 17:20:08,UTC+0800,2024-05-08 16:52:00
70,34,0,47,29,2024-05-08 17:15:00,2024-05-09 00:42:01,2024-05-08 18:10:24,UTC+0800,2024-05-08 17:44:00
70,37,3,49,322,2024-05-08 18:51:00,2024-05-09 00:42:01,2024-05-09 00:38:28,UTC+0800,2024-05-09 00:13:00
74,10,1,32,100,2024-05-09 01:26:00,2024-05-09 03:07:08,2024-05-09 03:06:57,UTC+0800,2024-05-09 03:06:00
77,65,2,61,289,2024-05-09 17:37:00,2024-05-10 01:23:55,2024-05-09 22:52:01,UTC+0800,2024-05-09 22:26:00
74,31,1,58,104,2024-05-09 23:24:00,2024-05-10 01:23:55,2024-05-10 01:23:47,UTC+0800,2024-05-10 01:08:00
83,71,4,84,512,2024-05-10 16:42:00,2024-05-11 01:19:28,2024-05-11 01:19:14,UTC+0800,2024-05-11 01:14:00
67,52,3,67,344,2024-05-11 19:00:00,2024-05-12 00:49:31,2024-05-12 00:49:18,UTC+0800,2024-05-12 00:44:00
84,57,3,83,455,2024-05-12 18:27:00,2024-05-13 02:02:14,2024-05-13 02:02:05,UTC+0800,2024-05-13 02:02:00
88,65,4,84,493,2024-05-13 18:23:00,2024-05-14 03:29:16,2024-05-14 03:29:00,UTC+0800,2024-05-14 02:36:00
75,30,1,49,184,2024-05-14 05:10:00,2024-05-14 09:03:30,2024-05-14 09:01:37,UTC+0800,2024-05-14 08:14:00
70,20,0,41,121,2024-05-14 08:56:00,2024-05-14 11:06:20,2024-05-14 11:06:14,UTC+0800,2024-05-14 10:57:00
75,26,1,49,165,2024-05-14 16:39:00,2024-05-14 23:50:33,2024-05-14 19:48:49,UTC+0800,2024-05-14 19:24:00
73,23,1,48,140,2024-05-14 21:12:00,2024-05-14 23:50:33,2024-05-14 23:50:27,UTC+0800,2024-05-14 23:32:00
79,59,2,80,436,2024-05-15 17:21:00,2024-05-16 00:49:36,2024-05-16 00:49:24,UTC+0800,2024-05-16 00:37:00
76,54,2,65,302,2024-05-16 19:01:00,2024-05-17 00:15:02,2024-05-17 00:14:55,UTC+0800,2024-05-17 00:03:00
68,59,2,77,502,2024-05-17 16:49:00,2024-05-18 01:17:25,2024-05-18 01:16:19,UTC+0800,2024-05-18 01:11:00
68,76,4,85,505,2024-05-18 15:32:00,2024-05-19 00:33:15,2024-05-19 00:32:54,UTC+0800,2024-05-18 23:57:00
74,34,1,51,180,2024-05-19 08:03:00,2024-05-19 11:53:21,2024-05-19 11:50:35,UTC+0800,2024-05-19 11:03:00
81,48,3,75,394,2024-05-19 18:24:00,2024-05-20 01:02:18,2024-05-20 01:02:12,UTC+0800,2024-05-20 00:58:00
87,58,4,83,450,2024-05-20 18:09:00,2024-05-21 03:06:54,2024-05-21 01:44:55,UTC+0800,2024-05-21 01:39:00
74,50,1,62,271,2024-05-21 18:54:00,2024-05-21 23:30:24,2024-05-21 23:30:15,UTC+0800,2024-05-21 23:25:00
67,45,3,71,394,2024-05-22 16:58:00,2024-05-23 01:21:45,2024-05-22 23:37:29,UTC+0800,2024-05-22 23:32:00
58,12,1,46,95,2024-05-22 23:46:00,2024-05-23 01:21:45,2024-05-23 01:21:36,UTC+0800,2024-05-23 01:21:00
87,61,4,82,457,2024-05-23 17:36:00,2024-05-24 01:47:26,2024-05-24 01:47:10,UTC+0800,2024-05-24 01:13:00
81,59,3,78,347,2024-05-24 19:20:00,2024-05-25 01:22:12,2024-05-25 01:21:59,UTC+0800,2024-05-25 01:07:00
80,70,3,82,554,2024-05-25 16:39:00,2024-05-26 01:58:45,2024-05-26 01:58:22,UTC+0800,2024-05-26 01:53:00
84,61,4,83,433,2024-05-26 17:39:00,2024-05-27 01:02:20,2024-05-27 01:01:10,UTC+0800,2024-05-27 00:52:00
94,81,6,62,656,2024-05-27 18:21:00,2024-05-28 05:28:16,2024-05-28 05:27:41,UTC+0800,2024-05-28 05:17:00
74,36,1,53,151,2024-05-28 16:53:00,2024-05-29 01:41:55,2024-05-28 19:55:55,UTC+0800,2024-05-28 19:24:00
74,54,1,64,294,2024-05-28 20:27:00,2024-05-29 01:41:55,2024-05-29 01:41:43,UTC+0800,2024-05-29 01:21:00
60,65,4,78,470,2024-05-29 17:20:00,2024-05-30 01:56:44,2024-05-30 01:55:54,UTC+0800,2024-05-30 01:10:00
59,43,1,55,74,2024-05-30 19:23:00,2024-05-31 01:06:53,2024-05-30 21:25:37,UTC+0800,2024-05-30 20:37:00
80,32,2,59,178,2024-05-30 21:59:00,2024-05-31 01:06:53,2024-05-31 01:06:44,UTC+0800,2024-05-31 00:57:00
81,88,3,94,458,2024-05-31 19:23:00,2024-06-01 03:59:28,2024-06-01 03:59:12,UTC+0800,2024-06-01 03:01:00
24,44,2,57,316,2024-06-01 16:24:00,2024-06-02 04:19:33,2024-06-01 22:06:47,UTC+0800,2024-06-01 21:40:00
79,48,2,69,320,2024-06-01 22:28:00,2024-06-02 04:19:33,2024-06-02 04:19:15,UTC+0800,2024-06-02 03:48:00
79,37,2,54,218,2024-06-02 13:13:00,2024-06-02 17:19:36,2024-06-02 17:19:28,UTC+0800,2024-06-02 16:51:00
71,26,1,48,145,2024-06-02 18:13:00,2024-06-02 21:00:06,2024-06-02 21:00:00,UTC+0800,2024-06-02 20:38:00
93,72,5,79,559,2024-06-03 16:55:00,2024-06-04 02:20:19,2024-06-04 02:20:05,UTC+0800,2024-06-04 02:14:00
70,39,0,40,110,2024-06-04 18:53:00,2024-06-05 00:53:34,2024-06-04 21:10:28,UTC+0800,2024-06-04 20:43:00
75,29,1,53,154,2024-06-04 22:07:00,2024-06-05 00:53:34,2024-06-05 00:53:14,UTC+0800,2024-06-05 00:41:00
88,70,4,82,503,2024-06-05 17:39:00,2024-06-06 02:35:03,2024-06-06 02:34:48,UTC+0800,2024-06-06 02:02:00
79,46,2,72,396,2024-06-06 17:55:00,2024-06-07 00:51:24,2024-06-07 00:36:13,UTC+0800,2024-06-07 00:31:00
79,34,2,54,252,2024-06-07 20:35:00,2024-06-08 00:54:54,2024-06-08 00:54:46,UTC+0800,2024-06-08 00:47:00
61,37,1,54,146,2024-06-08 16:53:00,2024-06-09 01:10:25,2024-06-08 20:01:43,UTC+0800,2024-06-08 19:19:00
78,46,2,62,294,2024-06-08 20:07:00,2024-06-09 01:10:25,2024-06-09 01:09:44,UTC+0800,2024-06-09 01:01:00
74,75,4,84,495,2024-06-09 17:20:00,2024-06-10 01:49:25,2024-06-10 01:49:12,UTC+0800,2024-06-10 01:35:00
79,76,4,86,449,2024-06-10 17:53:00,2024-06-11 01:34:14,2024-06-11 01:34:07,UTC+0800,2024-06-11 01:22:00
59,72,4,73,575,2024-06-11 15:30:00,2024-06-12 01:10:29,2024-06-12 01:10:11,UTC+0800,2024-06-12 01:05:00
74,66,5,82,445,2024-06-12 18:21:00,2024-06-13 01:53:32,2024-06-13 01:53:20,UTC+0800,2024-06-13 01:46:00
94,67,6,70,567,2024-06-13 17:17:00,2024-06-14 02:48:56,2024-06-14 02:48:46,UTC+0800,2024-06-14 02:44:00
69,24,0,40,82,2024-06-14 18:20:00,2024-06-15 00:16:14,2024-06-14 19:42:10,UTC+0800,2024-06-14 19:42:00
77,28,2,48,236,2024-06-14 19:50:00,2024-06-15 00:16:14,2024-06-15 00:14:16,UTC+0800,2024-06-14 23:46:00
78,75,3,85,526,2024-06-15 15:15:00,2024-06-16 00:29:34,2024-06-16 00:29:20,UTC+0800,2024-06-16 00:01:00
67,82,3,87,544,2024-06-16 20:22:00,2024-06-17 05:39:04,2024-06-17 05:37:50,UTC+0800,2024-06-17 05:26:00
83,49,3,68,353,2024-06-17 19:48:00,2024-06-18 01:54:10,2024-06-18 01:53:49,UTC+0800,2024-06-18 01:41:00
81,85,4,63,666,2024-06-18 14:27:00,2024-06-19 01:35:39,2024-06-19 01:33:29,UTC+0800,2024-06-19 01:33:00
78,45,2,57,254,2024-06-19 19:33:00,2024-06-20 00:08:27,2024-06-20 00:08:16,UTC+0800,2024-06-19 23:47:00
70,18,0,39,82,2024-06-20 09:11:00,2024-06-20 10:38:49,2024-06-20 10:38:42,UTC+0800,2024-06-20 10:33:00
81,55,3,74,350,2024-06-20 19:31:00,2024-06-21 01:44:24,2024-06-21 01:44:17,UTC+0800,2024-06-21 01:21:00
91,74,5,91,510,2024-06-21 16:38:00,2024-06-22 01:53:00,2024-06-22 01:52:49,UTC+0800,2024-06-22 01:08:00
78,36,2,62,125,2024-06-22 19:02:00,2024-06-22 21:48:48,2024-06-22 21:48:42,UTC+0800,2024-06-22 21:07:00
100,88,7,75,618,2024-06-23 15:39:00,2024-06-24 02:40:34,2024-06-24 02:40:20,UTC+0800,2024-06-24 01:57:00
83,56,3,79,388,2024-06-25 18:43:00,2024-06-26 01:57:49,2024-06-26 01:57:41,UTC+0800,2024-06-26 01:11:00
75,31,1,49,154,2024-06-26 14:45:00,2024-06-27 01:21:38,2024-06-26 17:47:03,UTC+0800,2024-06-26 17:19:00
86,58,4,80,450,2024-06-26 17:42:00,2024-06-27 01:21:38,2024-06-27 01:21:26,UTC+0800,2024-06-27 01:12:00
73,72,1,55,106,2024-06-27 19:04:00,2024-06-28 01:29:04,2024-06-27 21:23:20,UTC+0800,2024-06-27 20:50:00
68,36,2,58,183,2024-06-27 22:09:00,2024-06-28 01:29:05,2024-06-28 01:28:37,UTC+0800,2024-06-28 01:12:00
86,61,4,78,365,2024-06-28 18:36:00,2024-06-29 00:50:27,2024-06-29 00:50:19,UTC+0800,2024-06-29 00:41:00
74,27,1,58,103,2024-06-29 02:27:00,2024-06-29 04:10:32,2024-06-29 04:10:27,UTC+0800,2024-06-29 04:10:00
70,61,3,69,322,2024-06-29 19:06:00,2024-06-30 00:33:55,2024-06-30 00:33:44,UTC+0800,2024-06-30 00:28:00
54,43,3,67,374,2024-06-30 20:06:00,2024-07-01 02:31:51,2024-07-01 02:31:39,UTC+0800,2024-07-01 02:20:00
73,43,1,64,80,2024-07-01 07:05:00,2024-07-01 08:42:43,2024-07-01 08:42:36,UTC+0800,2024-07-01 08:25:00
70,12,0,34,89,2024-07-01 19:48:00,2024-07-02 04:32:45,2024-07-01 21:25:22,UTC+0800,2024-07-01 21:17:00
79,55,2,67,313,2024-07-01 23:06:00,2024-07-02 04:32:45,2024-07-02 04:32:34,UTC+0800,2024-07-02 04:19:00
66,68,3,84,450,2024-07-02 19:17:00,2024-07-03 02:47:48,2024-07-03 02:47:34,UTC+0800,2024-07-03 02:47:00
66,64,5,80,470,2024-07-03 17:09:00,2024-07-04 01:05:05,2024-07-04 01:04:53,UTC+0800,2024-07-04 00:59:00
86,79,6,53,695,2024-07-04 15:37:00,2024-07-05 03:13:24,2024-07-05 03:12:54,UTC+0800,2024-07-05 03:12:00
81,47,3,61,286,2024-07-05 18:41:00,2024-07-05 23:37:57,2024-07-05 23:37:45,UTC+0800,2024-07-05 23:27:00
88,78,4,82,355,2024-07-06 17:47:00,2024-07-07 00:02:39,2024-07-07 00:02:26,UTC+0800,2024-07-06 23:42:00
78,75,5,82,545,2024-07-07 19:41:00,2024-07-08 04:59:51,2024-07-08 04:58:29,UTC+0800,2024-07-08 04:46:00
87,56,2,64,341,2024-07-08 18:02:00,2024-07-08 23:49:07,2024-07-08 23:48:56,UTC+0800,2024-07-08 23:43:00
86,23,1,63,83,2024-07-09 16:39:00,2024-07-10 02:11:25,2024-07-09 18:40:00,UTC+0800,2024-07-09 18:02:00
86,74,2,78,415,2024-07-09 19:16:00,2024-07-10 02:11:25,2024-07-10 02:11:13,UTC+0800,2024-07-10 02:11:00
93,89,5,83,474,2024-07-10 16:26:00,2024-07-11 00:32:19,2024-07-11 00:32:00,UTC+0800,2024-07-11 00:20:00
91,83,3,82,461,2024-07-11 17:10:00,2024-07-12 00:51:40,2024-07-12 00:51:24,UTC+0800,2024-07-12 00:51:00
95,89,7,70,583,2024-07-12 16:19:00,2024-07-13 02:02:50,2024-07-13 02:02:41,UTC+0800,2024-07-13 02:02:00
94,91,5,87,497,2024-07-13 17:41:00,2024-07-14 02:04:47,2024-07-14 02:04:11,UTC+0800,2024-07-14 01:58:00
94,94,5,79,557,2024-07-14 18:43:00,2024-07-15 04:05:48,2024-07-15 04:05:18,UTC+0800,2024-07-15 04:00:00
66,71,5,68,347,2024-07-15 16:37:00,2024-07-16 01:52:40,2024-07-15 23:08:36,UTC+0800,2024-07-15 22:24:00
44,16,1,45,135,2024-07-15 23:30:00,2024-07-16 01:52:40,2024-07-16 01:52:32,UTC+0800,2024-07-16 01:45:00
93,87,5,83,529,2024-07-16 17:09:00,2024-07-17 02:10:09,2024-07-17 02:09:35,UTC+0800,2024-07-17 01:58:00
79,68,4,72,361,2024-07-17 18:32:00,2024-07-18 04:14:56,2024-07-18 00:58:39,UTC+0800,2024-07-18 00:33:00
72,28,2,55,188,2024-07-18 01:00:00,2024-07-18 04:14:56,2024-07-18 04:14:49,UTC+0800,2024-07-18 04:08:00
63,55,1,56,208,2024-07-18 21:09:00,2024-07-19 03:56:31,2024-07-19 00:46:42,UTC+0800,2024-07-19 00:37:00
49,12,2,34,180,2024-07-19 00:56:00,2024-07-19 03:56:31,2024-07-19 03:56:18,UTC+0800,2024-07-19 03:56:00
81,78,2,74,468,2024-07-19 18:27:00,2024-07-20 02:16:22,2024-07-20 02:15:54,UTC+0800,2024-07-20 02:15:00
78,63,3,67,320,2024-07-21 10:52:00,2024-07-21 16:36:24,2024-07-21 16:35:59,UTC+0800,2024-07-21 16:12:00
18,12,1,46,74,2024-07-22 07:38:00,2024-07-22 08:57:25,2024-07-22 08:57:12,UTC+0800,2024-07-22 08:52:00
78,46,2,58,250,2024-07-22 11:31:00,2024-07-22 16:35:05,2024-07-22 16:34:59,UTC+0800,2024-07-22 15:41:00
96,96,6,67,642,2024-07-23 17:14:00,2024-07-24 15:46:00,2024-07-24 04:05:20,UTC+0800,2024-07-24 03:56:00
11,10,2,31,161,2024-07-24 12:35:00,2024-07-24 15:45:59,2024-07-24 15:45:53,UTC+0800,2024-07-24 15:16:00
85,58,3,78,440,2024-07-24 18:32:00,2024-07-25 01:57:16,2024-07-25 01:57:06,UTC+0800,2024-07-25 01:52:00
80,78,3,71,436,2024-07-25 15:16:00,2024-07-26 00:56:40,2024-07-25 23:05:04,UTC+0800,2024-07-25 22:32:00
35,8,1,28,114,2024-07-25 22:55:00,2024-07-26 00:56:40,2024-07-26 00:55:52,UTC+0800,2024-07-26 00:49:00
88,88,4,89,433,2024-07-26 20:06:00,2024-07-27 03:19:22,2024-07-27 03:19:13,UTC+0800,2024-07-27 03:19:00
94,95,5,85,551,2024-07-27 17:39:00,2024-07-28 02:59:19,2024-07-28 02:59:09,UTC+0800,2024-07-28 02:50:00
94,92,5,77,577,2024-07-28 16:32:00,2024-07-29 02:21:54,2024-07-29 02:20:49,UTC+0800,2024-07-29 02:09:00
87,87,3,75,492,2024-07-29 17:38:00,2024-07-30 01:51:00,2024-07-30 01:50:37,UTC+0800,2024-07-30 01:50:00
71,22,1,60,108,2024-07-30 07:02:00,2024-07-30 08:55:58,2024-07-30 08:55:50,UTC+0800,2024-07-30 08:50:00
44,48,3,58,239,2024-07-30 19:38:00,2024-07-31 04:42:21,2024-07-30 23:57:33,UTC+0800,2024-07-30 23:37:00
65,43,2,53,238,2024-07-31 00:18:00,2024-07-31 04:42:21,2024-07-31 04:42:10,UTC+0800,2024-07-31 04:16:00
66,29,2,45,232,2024-07-31 16:06:00,2024-08-01 04:05:23,2024-07-31 20:03:43,UTC+0800,2024-07-31 19:58:00
65,33,1,58,185,2024-08-01 00:34:00,2024-08-01 04:05:23,2024-08-01 04:05:14,UTC+0800,2024-08-01 03:39:00
94,82,4,81,518,2024-08-01 18:26:00,2024-08-02 03:05:09,2024-08-02 03:04:49,UTC+0800,2024-08-02 03:04:00
55,22,1,57,127,2024-08-02 19:35:00,2024-08-02 21:52:52,2024-08-02 21:52:45,UTC+0800,2024-08-02 21:42:00
13,7,1,28,71,2024-08-03 01:04:00,2024-08-03 02:20:14,2024-08-03 02:20:09,UTC+0800,2024-08-03 02:15:00
19,48,1,50,190,2024-08-03 08:23:00,2024-08-03 11:43:13,2024-08-03 11:42:52,UTC+0800,2024-08-03 11:33:00
99,97,8,36,898,2024-08-03 12:23:00,2024-08-04 03:21:28,2024-08-04 03:21:07,UTC+0800,2024-08-04 03:21:00
6,14,0,41,64,2024-08-04 22:08:00,2024-08-05 03:38:50,2024-08-04 23:39:34,UTC+0800,2024-08-04 23:12:00
49,29,2,45,185,2024-08-05 00:08:00,2024-08-05 03:38:50,2024-08-05 03:38:45,UTC+0800,2024-08-05 03:13:00
72,81,3,80,422,2024-08-05 20:54:00,2024-08-06 04:02:53,2024-08-06 04:02:42,UTC+0800,2024-08-06 03:56:00
96,97,5,58,693,2024-08-06 16:24:00,2024-08-07 05:39:52,2024-08-07 04:10:15,UTC+0800,2024-08-07 03:57:00
84,78,5,78,461,2024-08-07 19:18:00,2024-08-08 03:31:02,2024-08-08 03:30:46,UTC+0800,2024-08-08 02:59:00
86,88,5,88,403,2024-08-08 18:35:00,2024-08-09 01:35:08,2024-08-09 01:34:49,UTC+0800,2024-08-09 01:18:00
7,7,0,23,76,2024-08-09 03:46:00,2024-08-09 05:07:56,2024-08-09 05:07:50,UTC+0800,2024-08-09 05:02:00
86,39,3,57,248,2024-08-09 20:38:00,2024-08-10 14:35:08,2024-08-10 00:46:28,UTC+0800,2024-08-10 00:46:00
52,16,2,44,189,2024-08-10 00:56:00,2024-08-10 14:35:08,2024-08-10 04:29:48,UTC+0800,2024-08-10 04:05:00
9,7,1,28,86,2024-08-10 13:04:00,2024-08-10 14:35:08,2024-08-10 14:35:01,UTC+0800,2024-08-10 14:30:00
65,46,1,60,204,2024-08-10 20:18:00,2024-08-11 00:01:34,2024-08-11 00:00:56,UTC+0800,2024-08-10 23:42:00
70,17,2,47,178,2024-08-11 01:31:00,2024-08-11 04:55:05,2024-08-11 04:54:28,UTC+0800,2024-08-11 04:29:00
39,19,2,47,134,2024-08-11 18:41:00,2024-08-12 01:20:50,2024-08-11 21:21:30,UTC+0800,2024-08-11 20:55:00
5,5,0,28,28,2024-08-11 21:14:00,2024-08-12 01:20:50,2024-08-11 22:09:45,UTC+0800,2024-08-11 21:42:00
21,17,2,36,151,2024-08-11 22:33:00,2024-08-12 01:20:50,2024-08-12 01:20:43,UTC+0800,2024-08-12 01:04:00
91,82,4,80,516,2024-08-12 20:21:00,2024-08-13 05:23:49,2024-08-13 05:21:25,UTC+0800,2024-08-13 04:57:00
61,32,1,47,221,2024-08-13 20:47:00,2024-08-14 00:33:49,2024-08-14 00:33:21,UTC+0800,2024-08-14 00:28:00
18,11,1,40,109,2024-08-14 16:41:00,2024-08-15 08:44:17,2024-08-14 18:30:23,UTC+0800,2024-08-14 18:30:00
84,19,2,54,187,2024-08-15 00:08:00,2024-08-15 08:44:17,2024-08-15 03:33:02,UTC+0800,2024-08-15 03:15:00
34,22,2,51,154,2024-08-15 06:05:00,2024-08-15 08:44:16,2024-08-15 08:44:06,UTC+0800,2024-08-15 08:39:00
91,76,5,73,495,2024-08-15 19:49:00,2024-08-16 04:13:11,2024-08-16 04:12:05,UTC+0800,2024-08-16 04:04:00
,,,,,2024-08-16 23:50:00,2024-08-17 03:51:13,2024-08-17 03:51:13,UTC+0800,2024-08-17 01:50:00
92,80,4,87,420,2024-08-17 17:57:00,2024-08-18 01:26:14,2024-08-18 01:22:17,UTC+0800,2024-08-18 00:57:00
8,10,1,36,111,2024-08-18 01:41:00,2024-08-18 03:48:52,2024-08-18 03:48:47,UTC+0800,2024-08-18 03:32:00
87,90,4,69,595,2024-08-18 18:03:00,2024-08-19 04:24:02,2024-08-19 04:22:39,UTC+0800,2024-08-19 03:58:00
93,73,3,80,480,2024-08-19 19:38:00,2024-08-20 03:44:26,2024-08-20 03:44:08,UTC+0800,2024-08-20 03:38:00
92,55,3,78,409,2024-08-20 19:27:00,2024-08-21 02:21:41,2024-08-21 02:21:28,UTC+0800,2024-08-21 02:16:00
30,49,1,48,243,2024-08-21 16:33:00,2024-08-21 22:37:06,2024-08-21 21:01:17,UTC+0800,2024-08-21 20:36:00
7,8,0,35,79,2024-08-21 21:12:00,2024-08-21 22:37:06,2024-08-21 22:36:37,UTC+0800,2024-08-21 22:31:00
96,96,4,56,685,2024-08-22 14:55:00,2024-08-23 03:01:26,2024-08-23 03:01:00,UTC+0800,2024-08-23 02:20:00
7,7,0,29,89,2024-08-23 18:20:00,2024-08-24 04:35:21,2024-08-23 20:18:24,UTC+0800,2024-08-23 19:49:00
94,78,5,83,483,2024-08-23 20:13:00,2024-08-24 04:35:21,2024-08-24 04:34:08,UTC+0800,2024-08-24 04:16:00
83,57,3,72,457,2024-08-24 20:33:00,2024-08-25 04:17:16,2024-08-25 04:15:46,UTC+0800,2024-08-25 04:10:00
92,74,4,80,490,2024-08-25 21:36:00,2024-08-26 05:52:30,2024-08-26 05:52:19,UTC+0800,2024-08-26 05:46:00
17,11,3,36,141,2024-08-26 18:04:00,2024-08-27 05:23:54,2024-08-26 20:53:47,UTC+0800,2024-08-26 20:25:00
5,5,0,28,40,2024-08-26 21:39:00,2024-08-27 05:23:54,2024-08-26 22:45:12,UTC+0800,2024-08-26 22:19:00
61,47,3,66,373,2024-08-26 22:58:00,2024-08-27 05:23:54,2024-08-27 05:23:47,UTC+0800,2024-08-27 05:11:00
78,79,4,77,378,2024-08-28 00:43:00,2024-08-28 07:11:07,2024-08-28 07:10:53,UTC+0800,2024-08-28 07:01:00
82,84,4,74,449,2024-08-28 23:08:00,2024-08-29 07:09:39,2024-08-29 07:06:39,UTC+0800,2024-08-29 06:37:00
30,27,3,40,245,2024-08-29 20:40:00,2024-08-30 00:50:12,2024-08-30 00:50:00,UTC+0800,2024-08-30 00:45:00
98,98,7,48,810,2024-08-30 16:18:00,2024-08-31 06:23:09,2024-08-31 06:20:39,UTC+0800,2024-08-31 05:48:00
82,61,4,71,476,2024-08-31 20:06:00,2024-09-01 04:03:01,2024-09-01 04:02:43,UTC+0800,2024-09-01 04:02:00
83,56,3,64,315,2024-09-01 16:46:00,2024-09-01 22:06:38,2024-09-01 22:06:28,UTC+0800,2024-09-01 22:01:00
80,64,3,68,309,2024-09-02 16:55:00,2024-09-02 22:11:14,2024-09-02 22:09:10,UTC+0800,2024-09-02 22:04:00
86,82,5,67,590,2024-09-03 12:08:00,2024-09-03 22:09:31,2024-09-03 22:07:32,UTC+0800,2024-09-03 21:58:00
76,64,2,63,345,2024-09-04 16:50:00,2024-09-04 22:41:38,2024-09-04 22:40:22,UTC+0800,2024-09-04 22:35:00
48,11,1,45,94,2024-09-05 13:23:00,2024-09-05 15:22:40,2024-09-05 15:22:34,UTC+0800,2024-09-05 14:57:00
57,37,1,54,342,2024-09-05 15:20:00,2024-09-05 21:02:54,2024-09-05 21:02:46,UTC+0800,2024-09-05 21:02:00
96,92,5,81,571,2024-09-06 15:14:00,2024-09-07 00:45:52,2024-09-07 00:45:31,UTC+0800,2024-09-07 00:45:00
63,10,1,41,125,2024-09-07 16:57:00,2024-09-08 03:30:38,2024-09-07 19:07:09,UTC+0800,2024-09-07 19:02:00
85,45,4,72,357,2024-09-07 19:37:00,2024-09-08 03:30:38,2024-09-08 01:46:11,UTC+0800,2024-09-08 01:34:00
82,7,1,42,87,2024-09-08 01:56:00,2024-09-08 03:30:36,2024-09-08 03:30:16,UTC+0800,2024-09-08 03:23:00
87,62,3,80,422,2024-09-08 17:56:00,2024-09-09 01:04:25,2024-09-09 01:03:48,UTC+0800,2024-09-09 00:58:00
,,,,,2024-09-09 17:20:00,2024-09-10 05:37:08,2024-09-10 05:37:08,UTC+0800,2024-09-10 01:10:00
68,23,1,63,93,2024-09-10 18:01:00,2024-09-11 02:20:43,2024-09-10 20:00:06,UTC+0800,2024-09-10 19:34:00
77,52,4,65,368,2024-09-10 20:02:00,2024-09-11 02:20:43,2024-09-11 02:18:26,UTC+0800,2024-09-11 02:10:00
82,70,5,73,463,2024-09-11 17:22:00,2024-09-12 01:10:24,2024-09-12 01:10:04,UTC+0800,2024-09-12 01:05:00
8,22,0,45,98,2024-09-12 16:57:00,2024-09-13 01:09:07,2024-09-12 19:05:33,UTC+0800,2024-09-12 18:35:00
77,45,3,62,323,2024-09-12 19:39:00,2024-09-13 01:09:07,2024-09-13 01:08:50,UTC+0800,2024-09-13 01:02:00
91,79,9,78,538,2024-09-13 18:35:00,2024-09-14 03:33:38,2024-09-14 03:33:20,UTC+0800,2024-09-14 03:33:00
44,29,2,51,195,2024-09-14 16:18:00,2024-09-15 01:37:40,2024-09-14 19:38:08,UTC+0800,2024-09-14 19:33:00
87,22,2,43,257,2024-09-14 21:20:00,2024-09-15 01:37:40,2024-09-15 01:37:26,UTC+0800,2024-09-15 01:37:00
77,57,2,61,375,2024-09-15 18:49:00,2024-09-16 01:11:59,2024-09-16 01:11:45,UTC+0800,2024-09-16 01:04:00
44,9,2,49,76,2024-09-16 08:12:00,2024-09-16 09:34:26,2024-09-16 09:34:23,UTC+0800,2024-09-16 09:28:00
96,97,4,62,675,2024-09-16 12:46:00,2024-09-17 00:13:35,2024-09-17 00:13:20,UTC+0800,2024-09-17 00:01:00
90,77,3,79,453,2024-09-17 18:22:00,2024-09-18 02:10:08,2024-09-18 02:00:20,UTC+0800,2024-09-18 01:55:00
89,82,4,75,542,2024-09-18 16:16:00,2024-09-19 01:26:02,2024-09-19 01:23:59,UTC+0800,2024-09-19 01:18:00
40,36,4,49,309,2024-09-19 16:57:00,2024-09-19 22:15:11,2024-09-19 22:12:02,UTC+0800,2024-09-19 22:06:00
90,85,2,82,471,2024-09-20 16:08:00,2024-09-21 00:05:11,2024-09-21 00:04:59,UTC+0800,2024-09-20 23:59:00
75,20,2,53,179,2024-09-21 08:39:00,2024-09-21 12:08:46,2024-09-21 12:08:36,UTC+0800,2024-09-21 11:38:00
93,80,3,63,595,2024-09-21 15:43:00,2024-09-22 01:57:00,2024-09-22 01:56:54,UTC+0800,2024-09-22 01:38:00
93,85,3,56,629,2024-09-22 14:45:00,2024-09-23 01:26:48,2024-09-23 01:26:10,UTC+0800,2024-09-23 01:14:00
96,95,5,59,658,2024-09-23 16:00:00,2024-09-24 03:12:35,2024-09-24 03:12:21,UTC+0800,2024-09-24 02:58:00
91,86,7,73,549,2024-09-24 18:45:00,2024-09-25 04:19:12,2024-09-25 04:18:32,UTC+0800,2024-09-25 03:54:00
87,77,3,79,411,2024-09-25 20:45:00,2024-09-26 04:03:18,2024-09-26 04:01:19,UTC+0800,2024-09-26 03:36:00
91,72,4,80,468,2024-09-26 17:43:00,2024-09-27 01:38:06,2024-09-27 01:37:54,UTC+0800,2024-09-27 01:31:00
8,14,0,38,105,2024-09-27 17:17:00,2024-09-28 01:24:56,2024-09-27 19:29:30,UTC+0800,2024-09-27 19:02:00
26,28,0,38,299,2024-09-27 19:32:00,2024-09-28 01:24:56,2024-09-28 01:24:45,UTC+0800,2024-09-28 00:31:00
94,96,7,61,630,2024-09-28 17:04:00,2024-09-29 03:48:47,2024-09-29 03:47:07,UTC+0800,2024-09-29 03:34:00
88,80,4,80,464,2024-09-29 18:14:00,2024-09-30 02:24:32,2024-09-30 02:23:46,UTC+0800,2024-09-30 01:58:00
85,38,3,66,395,2024-09-30 22:30:00,2024-10-01 05:20:34,2024-10-01 05:20:14,UTC+0800,2024-10-01 05:05:00
85,86,5,78,535,2024-10-01 15:25:00,2024-10-02 00:25:19,2024-10-02 00:25:03,UTC+0800,2024-10-02 00:20:00
97,96,6,41,758,2024-10-02 15:01:00,2024-10-03 03:50:11,2024-10-03 03:48:20,UTC+0800,2024-10-03 03:39:00
13,12,0,33,114,2024-10-03 14:26:00,2024-10-03 22:43:12,2024-10-03 16:44:51,UTC+0800,2024-10-03 16:20:00
11,13,1,46,89,2024-10-03 17:42:00,2024-10-03 22:43:12,2024-10-03 19:36:27,UTC+0800,2024-10-03 19:11:00
5,8,0,48,41,2024-10-03 20:46:00,2024-10-03 22:43:12,2024-10-03 21:39:53,UTC+0800,2024-10-03 21:27:00
5,5,0,28,25,2024-10-03 21:53:00,2024-10-03 22:43:12,2024-10-03 22:43:08,UTC+0800,2024-10-03 22:18:00
39,52,1,49,271,2024-10-04 14:30:00,2024-10-05 05:35:57,2024-10-04 19:26:48,UTC+0800,2024-10-04 19:01:00
31,10,1,30,151,2024-10-04 19:21:00,2024-10-05 05:35:57,2024-10-04 22:22:25,UTC+0800,2024-10-04 21:52:00
8,10,1,38,104,2024-10-04 22:17:00,2024-10-05 05:35:57,2024-10-05 00:16:48,UTC+0800,2024-10-05 00:01:00
7,7,0,16,69,2024-10-05 01:48:00,2024-10-05 03:27:29,2024-10-05 03:27:23,UTC+0800,2024-10-05 02:57:00
17,7,1,32,92,2024-10-05 03:58:00,2024-10-05 05:35:56,2024-10-05 05:35:49,UTC+0800,2024-10-05 05:30:00
61,20,1,44,198,2024-10-05 14:22:00,2024-10-06 00:11:33,2024-10-05 18:07:09,UTC+0800,2024-10-05 17:40:00
61,21,3,47,245,2024-10-05 19:55:00,2024-10-06 00:11:33,2024-10-06 00:11:25,UTC+0800,2024-10-06 00:00:00
88,83,4,76,517,2024-10-06 15:59:00,2024-10-07 00:43:02,2024-10-07 00:41:23,UTC+0800,2024-10-07 00:36:00
63,15,1,47,144,2024-10-07 08:14:00,2024-10-07 10:49:33,2024-10-07 10:49:21,UTC+0800,2024-10-07 10:38:00
23,17,0,30,152,2024-10-07 16:13:00,2024-10-08 00:14:38,2024-10-07 19:11:01,UTC+0800,2024-10-07 18:45:00
82,26,3,49,230,2024-10-07 20:04:00,2024-10-08 00:14:38,2024-10-08 00:14:25,UTC+0800,2024-10-07 23:54:00
86,71,4,77,518,2024-10-08 15:50:00,2024-10-09 00:34:12,2024-10-09 00:33:39,UTC+0800,2024-10-09 00:28:00
18,16,1,27,178,2024-10-09 19:36:00,2024-10-10 13:52:02,2024-10-09 22:39:56,UTC+0800,2024-10-09 22:34:00
75,15,1,56,145,2024-10-09 22:46:00,2024-10-10 13:52:02,2024-10-10 01:18:28,UTC+0800,2024-10-10 01:11:00
30,13,1,45,111,2024-10-10 11:55:00,2024-10-10 13:51:59,2024-10-10 13:51:53,UTC+0800,2024-10-10 13:46:00
58,27,3,49,246,2024-10-10 17:31:00,2024-10-11 02:50:10,2024-10-10 22:06:38,UTC+0800,2024-10-10 21:37:00
44,26,2,46,239,2024-10-10 22:36:00,2024-10-11 02:50:10,2024-10-11 02:46:37,UTC+0800,2024-10-11 02:35:00
38,25,1,53,142,2024-10-11 17:39:00,2024-10-12 02:17:48,2024-10-11 20:27:55,UTC+0800,2024-10-11 20:01:00
53,46,2,57,247,2024-10-11 21:35:00,2024-10-12 02:17:48,2024-10-12 02:17:07,UTC+0800,2024-10-12 01:42:00
83,63,3,72,461,2024-10-12 16:48:00,2024-10-13 00:37:45,2024-10-13 00:37:32,UTC+0800,2024-10-13 00:29:00
6,13,0,39,66,2024-10-13 16:58:00,2024-10-14 13:52:18,2024-10-13 18:32:55,UTC+0800,2024-10-13 18:04:00
81,55,4,59,379,2024-10-13 18:47:00,2024-10-14 13:52:18,2024-10-14 01:11:17,UTC+0800,2024-10-14 01:06:00
46,68,1,63,305,2024-10-14 08:32:00,2024-10-14 13:52:17,2024-10-14 13:52:07,UTC+0800,2024-10-14 13:37:00
14,42,1,45,153,2024-10-14 21:34:00,2024-10-15 00:33:05,2024-10-15 00:32:57,UTC+0800,2024-10-15 00:07:00
95,93,4,80,552,2024-10-15 16:13:00,2024-10-16 01:31:37,2024-10-16 01:30:49,UTC+0800,2024-10-16 01:25:00
7,11,0,41,77,2024-10-16 07:14:00,2024-10-16 08:36:43,2024-10-16 08:36:09,UTC+0800,2024-10-16 08:31:00
53,15,1,42,155,2024-10-16 20:29:00,2024-10-17 12:35:57,2024-10-16 23:10:05,UTC+0800,2024-10-16 23:04:00
17,7,1,22,88,2024-10-17 00:35:00,2024-10-17 12:35:57,2024-10-17 02:03:03,UTC+0800,2024-10-17 02:03:00
32,17,1,48,116,2024-10-17 10:13:00,2024-10-17 12:35:51,2024-10-17 12:35:45,UTC+0800,2024-10-17 12:09:00
86,60,4,78,410,2024-10-17 18:40:00,2024-10-18 01:35:57,2024-10-18 01:35:26,UTC+0800,2024-10-18 01:30:00
82,69,3,66,430,2024-10-18 17:34:00,2024-10-19 00:49:59,2024-10-19 00:49:47,UTC+0800,2024-10-19 00:44:00
98,95,4,56,741,2024-10-19 15:52:00,2024-10-20 05:19:32,2024-10-20 04:41:24,UTC+0800,2024-10-20 04:13:00
90,67,5,76,520,2024-10-20 15:50:00,2024-10-21 00:54:10,2024-10-21 00:51:34,UTC+0800,2024-10-21 00:30:00
38,23,1,46,184,2024-10-21 13:25:00,2024-10-21 22:57:24,2024-10-21 16:53:38,UTC+0800,2024-10-21 16:29:00
7,7,0,28,77,2024-10-21 16:55:00,2024-10-21 22:57:24,2024-10-21 18:41:00,UTC+0800,2024-10-21 18:12:00
11,7,2,29,138,2024-10-21 20:23:00,2024-10-21 22:57:24,2024-10-21 22:57:07,UTC+0800,2024-10-21 22:41:00
89,88,4,86,472,2024-10-22 17:06:00,2024-10-23 01:21:15,2024-10-23 01:19:13,UTC+0800,2024-10-23 00:58:00
73,43,2,59,299,2024-10-23 07:46:00,2024-10-23 13:10:14,2024-10-23 13:09:36,UTC+0800,2024-10-23 12:45:00
55,50,3,43,286,2024-10-23 17:41:00,2024-10-24 01:30:14,2024-10-23 22:53:31,UTC+0800,2024-10-23 22:27:00
15,15,1,41,126,2024-10-23 22:59:00,2024-10-24 01:30:14,2024-10-24 01:30:03,UTC+0800,2024-10-24 01:05:00
96,88,4,73,584,2024-10-24 16:12:00,2024-10-25 02:05:54,2024-10-25 02:03:51,UTC+0800,2024-10-25 01:56:00
67,25,3,47,324,2024-10-25 20:05:00,2024-10-26 01:34:32,2024-10-26 01:34:25,UTC+0800,2024-10-26 01:29:00
79,17,1,55,151,2024-10-26 06:43:00,2024-10-26 09:20:00,2024-10-26 09:19:54,UTC+0800,2024-10-26 09:14:00
11,13,1,35,158,2024-10-26 18:29:00,2024-10-26 21:24:03,2024-10-26 21:23:56,UTC+0800,2024-10-26 21:07:00
35,24,1,40,188,2024-10-27 06:36:00,2024-10-27 09:49:46,2024-10-27 09:49:40,UTC+0800,2024-10-27 09:44:00
6,6,0,17,64,2024-10-27 12:46:00,2024-10-27 14:14:38,2024-10-27 14:14:34,UTC+0800,2024-10-27 13:50:00
85,56,3,75,437,2024-10-27 14:08:00,2024-10-28 14:06:21,2024-10-27 22:04:13,UTC+0800,2024-10-27 21:25:00
23,9,3,31,132,2024-10-27 22:02:00,2024-10-28 14:06:21,2024-10-28 00:14:13,UTC+0800,2024-10-28 00:14:00
6,19,0,43,63,2024-10-28 12:36:00,2024-10-28 14:06:20,2024-10-28 14:06:13,UTC+0800,2024-10-28 13:39:00
19,10,1,25,143,2024-10-28 14:02:00,2024-10-28 17:38:04,2024-10-28 17:37:56,UTC+0800,2024-10-28 16:25:00
36,14,1,51,102,2024-10-28 17:57:00,2024-10-29 00:47:50,2024-10-28 19:44:24,UTC+0800,2024-10-28 19:39:00
68,18,2,51,200,2024-10-28 21:27:00,2024-10-29 00:47:50,2024-10-29 00:47:42,UTC+0800,2024-10-29 00:47:00
26,22,1,48,141,2024-10-29 16:36:00,2024-10-30 00:37:30,2024-10-29 19:22:18,UTC+0800,2024-10-29 18:57:00
59,21,3,48,276,2024-10-29 19:42:00,2024-10-30 00:37:30,2024-10-30 00:36:24,UTC+0800,2024-10-30 00:18:00
52,40,2,53,221,2024-10-30 15:49:00,2024-10-31 10:37:18,2024-10-30 20:02:32,UTC+0800,2024-10-30 19:30:00
7,12,0,43,76,2024-10-30 22:15:00,2024-10-31 10:37:18,2024-10-30 23:56:00,UTC+0800,2024-10-30 23:31:00
54,24,1,44,212,2024-10-31 06:54:00,2024-10-31 10:37:17,2024-10-31 10:37:11,UTC+0800,2024-10-31 10:26:00
8,10,0,30,107,2024-10-31 17:53:00,2024-11-01 01:56:29,2024-10-31 20:07:04,UTC+0800,2024-10-31 19:40:00
75,42,3,59,319,2024-10-31 20:32:00,2024-11-01 01:56:29,2024-11-01 01:56:18,UTC+0800,2024-11-01 01:51:00
85,81,5,83,410,2024-11-01 19:01:00,2024-11-02 02:12:06,2024-11-02 01:56:55,UTC+0800,2024-11-02 01:51:00
52,12,1,32,154,2024-11-02 09:17:00,2024-11-02 12:03:04,2024-11-02 12:03:00,UTC+0800,2024-11-02 11:51:00
70,23,3,52,234,2024-11-02 23:36:00,2024-11-03 04:03:52,2024-11-03 03:36:23,UTC+0800,2024-11-03 03:30:00
32,38,2,49,206,2024-11-03 08:48:00,2024-11-03 12:39:21,2024-11-03 12:39:14,UTC+0800,2024-11-03 12:14:00
62,47,3,58,313,2024-11-03 19:15:00,2024-11-04 00:37:56,2024-11-04 00:37:46,UTC+0800,2024-11-04 00:28:00
94,88,4,78,546,2024-11-04 16:27:00,2024-11-05 01:43:08,2024-11-05 01:42:41,UTC+0800,2024-11-05 01:33:00
7,7,0,21,76,2024-11-05 11:11:00,2024-11-05 12:45:58,2024-11-05 12:45:53,UTC+0800,2024-11-05 12:27:00
92,78,4,86,418,2024-11-05 18:02:00,2024-11-06 01:00:53,2024-11-06 01:00:48,UTC+0800,2024-11-06 01:00:00
96,96,6,63,650,2024-11-06 15:00:00,2024-11-07 02:02:08,2024-11-07 02:01:58,UTC+0800,2024-11-07 01:50:00
55,43,2,54,270,2024-11-07 15:32:00,2024-11-08 01:20:07,2024-11-07 20:30:59,UTC+0800,2024-11-07 20:02:00
57,27,2,47,219,2024-11-07 21:07:00,2024-11-08 01:20:07,2024-11-08 01:20:01,UTC+0800,2024-11-08 00:46:00
96,90,4,66,623,2024-11-08 15:25:00,2024-11-09 01:54:07,2024-11-09 01:53:47,UTC+0800,2024-11-09 01:48:00
86,28,2,59,301,2024-11-09 19:28:00,2024-11-10 00:34:49,2024-11-10 00:34:41,UTC+0800,2024-11-10 00:29:00
58,55,1,59,253,2024-11-10 23:46:00,2024-11-11 04:35:26,2024-11-11 04:35:18,UTC+0800,2024-11-11 03:59:00
96,94,6,70,621,2024-11-11 16:45:00,2024-11-12 03:10:27,2024-11-12 03:10:11,UTC+0800,2024-11-12 03:06:00
24,39,2,44,227,2024-11-12 21:00:00,2024-11-13 00:53:28,2024-11-13 00:53:22,UTC+0800,2024-11-13 00:47:00
81,70,5,76,455,2024-11-13 16:26:00,2024-11-14 00:10:51,2024-11-14 00:10:42,UTC+0800,2024-11-14 00:01:00
97,95,6,56,723,2024-11-14 12:52:00,2024-11-15 01:07:21,2024-11-15 01:07:13,UTC+0800,2024-11-15 00:55:00
83,66,3,69,291,2024-11-15 16:06:00,2024-11-15 21:09:29,2024-11-15 21:09:25,UTC+0800,2024-11-15 20:57:00
88,68,2,73,325,2024-11-16 13:54:00,2024-11-16 21:34:10,2024-11-16 19:52:42,UTC+0800,2024-11-16 19:19:00
6,11,0,46,49,2024-11-16 20:40:00,2024-11-16 21:34:10,2024-11-16 21:34:03,UTC+0800,2024-11-16 21:29:00
98,98,8,50,805,2024-11-17 16:39:00,2024-11-18 06:04:40,2024-11-18 06:04:30,UTC+0800,2024-11-18 06:04:00
72,66,6,69,478,2024-11-18 16:30:00,2024-11-19 00:31:13,2024-11-19 00:30:57,UTC+0800,2024-11-19 00:28:00
96,95,6,61,654,2024-11-19 15:40:00,2024-11-20 03:02:56,2024-11-20 03:02:31,UTC+0800,2024-11-20 02:34:00
54,11,1,45,133,2024-11-20 17:44:00,2024-11-21 02:56:34,2024-11-20 20:21:21,UTC+0800,2024-11-20 19:57:00
74,68,2,65,356,2024-11-20 20:56:00,2024-11-21 02:56:34,2024-11-21 02:56:29,UTC+0800,2024-11-21 02:52:00
63,52,2,66,374,2024-11-21 18:44:00,2024-11-22 01:05:41,2024-11-22 01:05:32,UTC+0800,2024-11-22 00:58:00
85,86,4,77,498,2024-11-22 16:29:00,2024-11-23 01:42:11,2024-11-23 00:52:27,UTC+0800,2024-11-23 00:47:00
95,96,4,64,665,2024-11-23 14:20:00,2024-11-24 01:52:33,2024-11-24 01:50:30,UTC+0800,2024-11-24 01:25:00
,,,,,2024-11-24 16:40:00,2024-11-25 06:45:14,2024-11-25 06:45:14,UTC+0800,2024-11-25 00:20:00
95,97,7,46,725,2024-11-25 14:54:00,2024-11-26 02:59:36,2024-11-26 02:59:31,UTC+0800,2024-11-26 02:59:00
6,20,0,45,66,2024-11-26 16:35:00,2024-11-27 02:06:25,2024-11-26 18:25:39,UTC+0800,2024-11-26 17:41:00
83,58,6,71,430,2024-11-26 18:29:00,2024-11-27 02:06:25,2024-11-27 02:06:17,UTC+0800,2024-11-27 01:39:00
97,94,5,53,723,2024-11-27 15:00:00,2024-11-28 03:09:40,2024-11-28 03:09:31,UTC+0800,2024-11-28 03:03:00
65,61,3,63,373,2024-11-28 17:47:00,2024-11-29 00:25:50,2024-11-29 00:25:43,UTC+0800,2024-11-29 00:00:00
8,19,0,36,102,2024-11-29 17:37:00,2024-11-30 02:54:06,2024-11-29 19:43:26,UTC+0800,2024-11-29 19:19:00
36,27,1,52,154,2024-11-29 19:55:00,2024-11-30 02:54:06,2024-11-29 23:03:10,UTC+0800,2024-11-29 22:29:00
58,25,1,47,187,2024-11-29 23:41:00,2024-11-30 02:54:06,2024-11-30 02:53:57,UTC+0800,2024-11-30 02:48:00
36,31,0,44,205,2024-11-30 16:35:00,2024-12-01 04:00:16,2024-11-30 20:32:29,UTC+0800,2024-11-30 20:00:00
88,63,4,78,397,2024-11-30 21:03:00,2024-12-01 04:00:16,2024-12-01 03:59:02,UTC+0800,2024-12-01 03:40:00
68,50,1,66,438,2024-12-01 16:09:00,2024-12-01 23:53:05,2024-12-01 23:52:56,UTC+0800,2024-12-01 23:27:00
60,12,1,50,147,2024-12-02 00:03:00,2024-12-02 02:35:35,2024-12-02 02:35:29,UTC+0800,2024-12-02 02:30:00
89,63,4,71,517,2024-12-02 18:42:00,2024-12-03 03:25:04,2024-12-03 03:24:26,UTC+0800,2024-12-03 03:19:00
7,6,0,29,77,2024-12-03 15:49:00,2024-12-03 23:16:35,2024-12-03 17:06:45,UTC+0800,2024-12-03 17:06:00
75,59,4,66,325,2024-12-03 17:42:00,2024-12-03 23:16:35,2024-12-03 23:12:18,UTC+0800,2024-12-03 23:07:00
41,56,4,53,314,2024-12-04 13:13:00,2024-12-04 22:37:08,2024-12-04 19:09:15,UTC+0800,2024-12-04 18:27:00
63,36,3,60,203,2024-12-04 19:09:00,2024-12-04 22:37:08,2024-12-04 22:37:00,UTC+0800,2024-12-04 22:32:00
95,87,4,82,536,2024-12-05 13:58:00,2024-12-05 23:04:55,2024-12-05 23:04:43,UTC+0800,2024-12-05 22:54:00
88,80,3,75,496,2024-12-06 16:28:00,2024-12-07 00:49:45,2024-12-07 00:49:35,UTC+0800,2024-12-07 00:44:00
6,6,0,21,67,2024-12-07 13:39:00,2024-12-07 15:13:26,2024-12-07 15:13:20,UTC+0800,2024-12-07 14:46:00
95,81,4,81,441,2024-12-07 16:52:00,2024-12-08 00:18:26,2024-12-08 00:18:18,UTC+0800,2024-12-08 00:13:00
95,86,5,67,601,2024-12-08 15:54:00,2024-12-09 02:08:19,2024-12-09 02:08:05,UTC+0800,2024-12-09 01:55:00
96,87,5,66,607,2024-12-09 16:32:00,2024-12-10 03:09:05,2024-12-10 03:08:24,UTC+0800,2024-12-10 02:39:00
93,86,4,81,516,2024-12-10 18:10:00,2024-12-11 03:08:34,2024-12-11 03:06:40,UTC+0800,2024-12-11 02:46:00
88,88,3,55,631,2024-12-11 16:19:00,2024-12-12 03:08:42,2024-12-12 03:08:36,UTC+0800,2024-12-12 02:50:00
6,7,0,32,60,2024-12-12 13:31:00,2024-12-12 15:01:41,2024-12-12 15:01:35,UTC+0800,2024-12-12 14:31:00
95,93,4,72,589,2024-12-12 15:07:00,2024-12-13 01:23:28,2024-12-13 01:23:13,UTC+0800,2024-12-13 00:56:00
6,15,0,44,59,2024-12-13 16:55:00,2024-12-14 03:16:01,2024-12-13 18:34:26,UTC+0800,2024-12-13 17:54:00
87,75,3,80,464,2024-12-13 18:44:00,2024-12-14 03:16:01,2024-12-14 03:15:48,UTC+0800,2024-12-14 02:28:00
85,58,3,74,416,2024-12-15 01:44:00,2024-12-15 08:41:06,2024-12-15 08:40:55,UTC+0800,2024-12-15 08:40:00
90,86,3,82,496,2024-12-15 16:27:00,2024-12-16 00:53:22,2024-12-16 00:52:52,UTC+0800,2024-12-16 00:43:00
66,71,3,72,462,2024-12-16 11:26:00,2024-12-17 15:03:44,2024-12-16 19:22:25,UTC+0800,2024-12-16 19:08:00
35,39,2,43,255,2024-12-16 22:38:00,2024-12-17 15:03:44,2024-12-17 03:01:24,UTC+0800,2024-12-17 02:53:00
8,9,0,28,109,2024-12-17 09:57:00,2024-12-17 12:10:48,2024-12-17 12:10:40,UTC+0800,2024-12-17 11:46:00
68,24,1,57,156,2024-12-17 12:27:00,2024-12-17 15:03:44,2024-12-17 15:03:37,UTC+0800,2024-12-17 15:03:00
75,42,4,58,346,2024-12-17 18:42:00,2024-12-18 00:33:54,2024-12-18 00:33:48,UTC+0800,2024-12-18 00:28:00
29,6,1,39,65,2024-12-18 08:13:00,2024-12-18 09:24:01,2024-12-18 09:23:56,UTC+0800,2024-12-18 09:18:00
96,98,6,62,677,2024-12-18 15:10:00,2024-12-19 02:42:33,2024-12-19 02:42:17,UTC+0800,2024-12-19 02:27:00
88,72,3,75,468,2024-12-19 19:24:00,2024-12-20 03:36:49,2024-12-20 03:36:30,UTC+0800,2024-12-20 03:12:00
88,83,4,85,449,2024-12-20 17:30:00,2024-12-21 01:12:47,2024-12-21 01:12:35,UTC+0800,2024-12-21 00:59:00
87,71,3,81,465,2024-12-21 16:27:00,2024-12-22 00:38:21,2024-12-22 00:37:27,UTC+0800,2024-12-22 00:12:00
97,95,6,67,666,2024-12-22 13:51:00,2024-12-23 01:28:53,2024-12-23 01:28:04,UTC+0800,2024-12-23 00:57:00
93,88,6,76,484,2024-12-23 18:37:00,2024-12-24 03:06:51,2024-12-24 03:06:34,UTC+0800,2024-12-24 02:41:00
83,67,3,76,364,2024-12-24 18:55:00,2024-12-25 01:06:22,2024-12-25 01:05:59,UTC+0800,2024-12-25 00:59:00
98,89,6,69,621,2024-12-25 16:14:00,2024-12-26 02:47:46,2024-12-26 02:45:35,UTC+0800,2024-12-26 02:35:30
96,83,5,82,529,2024-12-26 18:48:00,2024-12-27 04:01:16,2024-12-27 04:01:03,UTC+0800,2024-12-27 03:37:00
6,6,0,23,66,2024-12-27 18:22:00,2024-12-28 04:09:00,2024-12-27 19:53:05,UTC+0800,2024-12-27 19:28:00
6,6,0,21,61,2024-12-27 19:59:00,2024-12-28 04:09:00,2024-12-27 21:25:36,UTC+0800,2024-12-27 21:00:00
5,5,0,28,20,2024-12-27 21:53:00,2024-12-28 04:09:00,2024-12-27 22:53:06,UTC+0800,2024-12-27 22:13:00
17,13,0,26,246,2024-12-27 23:41:00,2024-12-28 04:09:00,2024-12-28 04:08:53,UTC+0800,2024-12-28 03:47:00
96,65,4,79,512,2024-12-28 18:07:00,2024-12-29 03:14:51,2024-12-29 03:14:23,UTC+0800,2024-12-29 02:39:00
95,84,5,87,519,2024-12-29 18:05:00,2024-12-30 02:49:51,2024-12-30 02:49:15,UTC+0800,2024-12-30 02:44:00
97,96,6,74,624,2024-12-30 18:29:00,2024-12-31 05:06:16,2024-12-31 05:05:02,UTC+0800,2024-12-31 04:53:30
78,44,2,60,319,2024-12-31 19:55:00,2025-01-01 01:43:12,2025-01-01 01:42:59,UTC+0800,2025-01-01 01:14:00
95,93,5,91,490,2025-01-01 16:59:00,2025-01-02 01:15:06,2025-01-02 01:14:52,UTC+0800,2025-01-02 01:09:00
94,94,4,71,602,2025-01-02 15:24:00,2025-01-03 01:44:16,2025-01-03 01:44:00,UTC+0800,2025-01-03 01:26:00
92,91,4,82,527,2025-01-03 17:36:00,2025-01-04 02:50:27,2025-01-04 02:50:11,UTC+0800,2025-01-04 02:23:00
96,91,5,86,488,2025-01-04 16:19:00,2025-01-05 01:06:34,2025-01-05 01:05:57,UTC+0800,2025-01-05 00:27:30
98,95,4,65,631,2025-01-05 15:15:00,2025-01-06 02:23:17,2025-01-06 02:16:46,UTC+0800,2025-01-06 01:46:30
79,70,2,64,261,2025-01-06 18:03:00,2025-01-07 01:02:29,2025-01-06 22:49:39,UTC+0800,2025-01-06 22:24:00
65,9,2,42,128,2025-01-06 22:47:00,2025-01-07 01:02:29,2025-01-07 01:02:23,UTC+0800,2025-01-07 00:55:00
12,8,1,26,95,2025-01-08 12:56:00,2025-01-08 15:00:09,2025-01-08 14:59:59,UTC+0800,2025-01-08 14:31:00
6,12,0,36,68,2025-01-07 17:48:00,2025-01-08 15:00:09,2025-01-07 19:21:19,UTC+0800,2025-01-07 18:56:00
83,38,2,55,292,2025-01-07 22:43:00,2025-01-08 15:00:09,2025-01-08 03:45:48,UTC+0800,2025-01-08 03:35:00
98,94,5,81,575,2025-01-08 16:56:00,2025-01-09 03:00:59,2025-01-09 02:55:56,UTC+0800,2025-01-09 02:31:00
37,39,1,50,233,2025-01-09 16:58:00,2025-01-10 14:05:37,2025-01-09 21:16:01,UTC+0800,2025-01-09 20:51:00
72,33,2,56,206,2025-01-09 21:44:00,2025-01-10 14:05:37,2025-01-10 01:15:22,UTC+0800,2025-01-10 01:10:00
9,9,0,20,130,2025-01-10 11:50:00,2025-01-10 14:05:37,2025-01-10 14:05:31,UTC+0800,2025-01-10 14:00:00
92,86,4,86,440,2025-01-10 17:37:00,2025-01-11 01:11:31,2025-01-11 01:11:15,UTC+0800,2025-01-11 00:57:00
76,38,2,56,276,2025-01-11 14:24:00,2025-01-11 20:23:17,2025-01-11 19:29:18,UTC+0800,2025-01-11 19:00:00
6,6,0,16,48,2025-01-11 19:35:00,2025-01-11 20:23:17,2025-01-11 20:23:01,UTC+0800,2025-01-11 20:23:00
96,96,5,90,515,2025-01-12 15:37:00,2025-01-13 00:33:22,2025-01-13 00:33:03,UTC+0800,2025-01-13 00:12:00
92,81,6,86,436,2025-01-14 16:50:00,2025-01-15 00:16:47,2025-01-15 00:16:21,UTC+0800,2025-01-15 00:06:00
92,73,4,86,404,2025-01-15 18:24:00,2025-01-16 01:23:40,2025-01-16 01:23:15,UTC+0800,2025-01-16 01:08:00
90,69,4,79,346,2025-01-16 19:19:00,2025-01-17 01:11:15,2025-01-17 01:10:37,UTC+0800,2025-01-17 01:05:00
48,9,1,31,127,2025-01-16 15:55:00,2025-01-17 01:11:15,2025-01-16 18:28:22,UTC+0800,2025-01-16 18:02:00
94,75,4,84,403,2025-01-17 17:05:00,2025-01-17 23:55:05,2025-01-17 23:53:30,UTC+0800,2025-01-17 23:48:00
,,,,,2025-01-13 17:10:00,2025-01-18 06:14:53,2025-01-18 06:14:53,UTC+0800,2025-01-13 19:10:00
97,89,5,87,521,2025-01-18 18:33:00,2025-01-19 03:20:02,2025-01-19 03:19:07,UTC+0800,2025-01-19 03:14:00
94,70,3,86,398,2025-01-19 17:22:00,2025-01-20 00:13:55,2025-01-20 00:05:17,UTC+0800,2025-01-20 00:00:00
73,61,2,67,231,2025-01-20 18:00:00,2025-01-21 01:12:08,2025-01-20 22:21:04,UTC+0800,2025-01-20 21:51:00
86,18,1,49,151,2025-01-20 22:36:00,2025-01-21 01:12:08,2025-01-21 01:12:02,UTC+0800,2025-01-21 01:07:00
7,8,0,35,71,2025-01-22 00:00:00,2025-01-22 01:18:10,2025-01-22 01:18:05,UTC+0800,2025-01-22 01:11:00
99,98,6,55,846,2025-01-22 13:35:00,2025-01-23 03:52:54,2025-01-23 03:51:54,UTC+0800,2025-01-23 03:41:30
43,19,1,40,167,2025-01-23 16:56:00,2025-01-24 02:13:44,2025-01-23 20:09:22,UTC+0800,2025-01-23 19:43:00
73,46,2,60,352,2025-01-23 20:16:00,2025-01-24 02:13:44,2025-01-24 02:13:24,UTC+0800,2025-01-24 02:08:00
97,94,5,86,541,2025-01-24 18:19:00,2025-01-25 03:40:51,2025-01-25 03:40:37,UTC+0800,2025-01-25 03:20:00
97,93,5,89,509,2025-01-25 18:24:00,2025-01-26 02:58:31,2025-01-26 02:58:20,UTC+0800,2025-01-26 02:53:00
44,15,1,41,189,2025-01-26 15:02:00,2025-01-27 03:59:08,2025-01-26 18:36:33,UTC+0800,2025-01-26 18:11:00
94,83,5,80,529,2025-01-26 18:41:00,2025-01-27 03:59:08,2025-01-27 03:57:28,UTC+0800,2025-01-27 03:30:00
96,82,5,58,649,2025-01-27 19:19:00,2025-01-28 06:30:48,2025-01-28 06:30:24,UTC+0800,2025-01-28 06:08:00
81,52,3,64,279,2025-01-28 22:30:00,2025-01-29 03:15:07,2025-01-29 03:15:01,UTC+0800,2025-01-29 03:09:00
89,62,3,70,340,2025-01-29 18:36:00,2025-01-30 00:21:32,2025-01-30 00:21:27,UTC+0800,2025-01-30 00:16:00
98,98,6,86,591,2025-01-30 19:03:00,2025-01-31 05:00:24,2025-01-31 04:59:51,UTC+0800,2025-01-31 04:54:00
92,76,4,82,425,2025-01-31 20:26:00,2025-02-01 03:42:56,2025-02-01 03:42:49,UTC+0800,2025-02-01 03:31:00
91,81,4,83,408,2025-02-01 17:52:00,2025-02-02 01:01:36,2025-02-02 01:01:28,UTC+0800,2025-02-02 00:40:00
92,87,4,83,417,2025-02-02 20:30:00,2025-02-03 03:56:14,2025-02-03 03:56:00,UTC+0800,2025-02-03 03:27:00
97,97,6,86,582,2025-02-03 17:48:00,2025-02-04 03:30:38,2025-02-04 03:30:27,UTC+0800,2025-02-04 03:30:00
91,72,4,81,440,2025-02-04 18:30:00,2025-02-05 02:20:19,2025-02-05 02:20:07,UTC+0800,2025-02-05 01:50:00
7,7,0,28,82,2025-02-05 04:33:00,2025-02-05 06:22:04,2025-02-05 06:21:59,UTC+0800,2025-02-05 05:55:00
6,6,0,25,63,2025-02-05 18:17:00,2025-02-06 03:01:53,2025-02-05 19:45:31,UTC+0800,2025-02-05 19:20:00
93,60,4,83,405,2025-02-05 20:16:00,2025-02-06 03:01:53,2025-02-06 03:01:45,UTC+0800,2025-02-06 03:01:00
93,83,5,80,509,2025-02-06 17:00:00,2025-02-07 01:56:43,2025-02-07 01:35:00,UTC+0800,2025-02-07 01:29:00
94,81,4,82,481,2025-02-07 18:27:00,2025-02-08 02:36:58,2025-02-08 02:33:59,UTC+0800,2025-02-08 02:28:00
54,36,2,55,212,2025-02-08 10:41:00,2025-02-08 14:19:06,2025-02-08 14:18:58,UTC+0800,2025-02-08 14:13:00
7,7,0,16,71,2025-02-08 21:17:00,2025-02-09 04:24:53,2025-02-08 22:42:44,UTC+0800,2025-02-08 22:28:00
88,27,3,63,308,2025-02-08 22:46:00,2025-02-09 04:24:53,2025-02-09 04:24:42,UTC+0800,2025-02-09 03:54:00
97,95,7,57,672,2025-02-09 18:32:00,2025-02-10 06:34:58,2025-02-10 06:34:33,UTC+0800,2025-02-10 05:44:00
85,55,3,69,343,2025-02-10 20:56:00,2025-02-11 02:44:27,2025-02-11 02:44:19,UTC+0800,2025-02-11 02:39:00
55,33,1,43,254,2025-02-11 19:23:00,2025-02-12 00:03:34,2025-02-12 00:03:27,UTC+0800,2025-02-11 23:37:00
94,85,4,83,512,2025-02-12 18:20:00,2025-02-13 03:06:24,2025-02-13 03:02:55,UTC+0800,2025-02-13 02:52:30
6,6,0,16,65,2025-02-13 10:36:00,2025-02-13 11:53:27,2025-02-13 11:53:22,UTC+0800,2025-02-13 11:41:00
93,92,4,93,453,2025-02-13 20:29:00,2025-02-14 04:08:07,2025-02-14 04:07:53,UTC+0800,2025-02-14 04:02:00
95,79,3,87,437,2025-02-14 19:41:00,2025-02-15 03:11:36,2025-02-15 03:11:12,UTC+0800,2025-02-15 02:58:00
81,9,1,42,132,2025-02-15 11:34:00,2025-02-15 13:51:22,2025-02-15 13:51:16,UTC+0800,2025-02-15 13:46:00
96,80,5,79,552,2025-02-15 21:55:00,2025-02-16 07:08:32,2025-02-16 07:07:58,UTC+0800,2025-02-16 07:07:00
93,85,4,78,534,2025-02-16 21:33:00,2025-02-17 06:55:05,2025-02-17 06:54:52,UTC+0800,2025-02-17 06:27:00
91,82,4,85,429,2025-02-17 20:51:00,2025-02-18 04:09:14,2025-02-18 04:09:03,UTC+0800,2025-02-18 04:00:00
83,54,3,66,297,2025-02-18 18:46:00,2025-02-18 23:48:37,2025-02-18 23:48:29,UTC+0800,2025-02-18 23:43:00
55,17,2,43,129,2025-02-19 20:57:00,2025-02-19 23:34:43,2025-02-19 23:34:35,UTC+0800,2025-02-19 23:06:00
94,87,4,89,474,2025-02-19 12:10:00,2025-02-19 23:34:43,2025-02-19 20:44:02,UTC+0800,2025-02-19 20:04:00
92,76,3,80,452,2025-02-20 14:47:00,2025-02-20 22:19:13,2025-02-20 22:19:07,UTC+0800,2025-02-20 22:19:00
96,90,5,79,579,2025-02-21 13:17:00,2025-02-21 23:01:46,2025-02-21 23:01:28,UTC+0800,2025-02-21 22:56:00
98,96,7,52,705,2025-02-22 15:08:00,2025-02-23 02:53:56,2025-02-23 02:53:31,UTC+0800,2025-02-23 02:53:00
94,85,4,88,472,2025-02-23 17:09:00,2025-02-24 01:07:30,2025-02-24 01:06:08,UTC+0800,2025-02-24 01:01:00
78,60,2,65,257,2025-02-24 16:29:00,2025-02-25 01:18:04,2025-02-24 21:15:48,UTC+0800,2025-02-24 20:46:00
53,37,1,49,230,2025-02-24 21:24:00,2025-02-25 01:18:04,2025-02-25 01:17:53,UTC+0800,2025-02-25 01:14:00
93,88,4,85,468,2025-02-25 18:09:00,2025-02-26 02:35:09,2025-02-26 02:35:00,UTC+0800,2025-02-26 01:57:30
12,24,0,37,182,2025-02-26 10:42:00,2025-02-26 14:19:33,2025-02-26 14:19:27,UTC+0800,2025-02-26 13:44:30
76,30,2,57,313,2025-02-26 22:24:00,2025-02-27 03:42:44,2025-02-27 03:42:31,UTC+0800,2025-02-27 03:37:00
11,15,2,37,159,2025-02-27 18:33:00,2025-02-28 03:01:30,2025-02-27 21:39:51,UTC+0800,2025-02-27 21:12:00
80,52,2,59,322,2025-02-27 21:39:00,2025-02-28 03:01:30,2025-02-28 03:01:19,UTC+0800,2025-02-28 03:01:00
43,26,1,53,152,2025-03-01 12:15:00,2025-03-01 14:55:18,2025-03-01 14:53:43,UTC+0800,2025-03-01 14:47:00
44,21,1,46,237,2025-02-28 23:00:00,2025-03-01 14:55:19,2025-03-01 03:02:49,UTC+0800,2025-03-01 02:57:00
28,40,1,50,178,2025-02-28 19:36:00,2025-03-01 14:55:19,2025-02-28 23:01:27,UTC+0800,2025-02-28 22:34:00
73,41,2,56,223,2025-03-01 21:15:00,2025-03-02 01:25:22,2025-03-02 01:25:14,UTC+0800,2025-03-02 00:58:00
7,7,0,17,72,2025-03-02 01:35:00,2025-03-02 03:11:55,2025-03-02 03:11:50,UTC+0800,2025-03-02 02:47:00
27,37,1,49,199,2025-03-02 18:25:00,2025-03-02 21:49:12,2025-03-02 21:49:07,UTC+0800,2025-03-02 21:44:00
99,99,8,68,704,2025-03-03 18:37:00,2025-03-04 06:51:53,2025-03-04 06:50:10,UTC+0800,2025-03-04 06:21:00
18,11,1,52,62,2025-03-05 01:09:00,2025-03-05 02:28:53,2025-03-05 02:28:50,UTC+0800,2025-03-05 02:11:00
31,17,1,40,173,2025-03-04 19:56:00,2025-03-05 13:27:13,2025-03-04 23:15:44,UTC+0800,2025-03-04 22:49:00
6,6,0,16,61,2025-03-04 23:26:00,2025-03-05 13:27:13,2025-03-05 00:57:19,UTC+0800,2025-03-05 00:27:00
78,49,4,58,347,2025-03-05 07:29:00,2025-03-05 13:27:11,2025-03-05 13:27:03,UTC+0800,2025-03-05 13:16:00
95,91,5,82,554,2025-03-05 20:03:00,2025-03-06 05:34:22,2025-03-06 05:34:08,UTC+0800,2025-03-06 05:17:00
93,85,5,80,518,2025-03-06 21:21:00,2025-03-07 06:08:45,2025-03-07 06:08:37,UTC+0800,2025-03-07 05:59:00
52,26,1,47,209,2025-03-07 13:07:00,2025-03-07 16:54:59,2025-03-07 16:54:55,UTC+0800,2025-03-07 16:36:00
47,21,2,47,283,2025-03-08 04:36:00,2025-03-08 09:44:05,2025-03-08 09:43:31,UTC+0800,2025-03-08 09:19:00
6,15,0,44,48,2025-03-08 23:01:00,2025-03-09 00:33:10,2025-03-09 00:33:05,UTC+0800,2025-03-08 23:49:30
91,32,4,76,429,2025-03-09 00:33:00,2025-03-09 07:48:05,2025-03-09 07:47:55,UTC+0800,2025-03-09 07:42:00
63,78,2,65,292,2025-03-10 00:15:00,2025-03-10 05:33:30,2025-03-10 05:33:25,UTC+0800,2025-03-10 05:07:00
89,79,3,80,467,2025-03-11 01:09:00,2025-03-11 09:31:53,2025-03-11 09:31:29,UTC+0800,2025-03-11 08:56:30
7,13,0,39,92,2025-03-11 22:48:00,2025-03-12 00:26:25,2025-03-12 00:26:15,UTC+0800,2025-03-12 00:20:00
98,90,5,86,548,2025-03-12 16:35:00,2025-03-13 02:07:54,2025-03-13 02:07:43,UTC+0800,2025-03-13 01:43:00
82,14,1,53,175,2025-03-13 03:34:00,2025-03-13 06:30:06,2025-03-13 06:29:56,UTC+0800,2025-03-13 06:29:00
98,97,6,56,728,2025-03-13 22:33:00,2025-03-14 11:12:10,2025-03-14 11:11:39,UTC+0800,2025-03-14 10:41:30
97,96,7,74,613,2025-03-15 02:18:00,2025-03-15 13:10:03,2025-03-15 12:59:02,UTC+0800,2025-03-15 12:31:00
98,94,5,60,683,2025-03-16 00:32:00,2025-03-16 12:06:07,2025-03-16 12:04:30,UTC+0800,2025-03-16 11:55:00
9,15,0,36,133,2025-03-16 17:30:00,2025-03-16 19:54:31,2025-03-16 19:54:11,UTC+0800,2025-03-16 19:43:00
32,22,2,38,200,2025-03-17 00:20:00,2025-03-17 04:05:13,2025-03-17 04:05:02,UTC+0800,2025-03-17 03:40:00
71,37,2,54,328,2025-03-17 04:18:00,2025-03-17 09:52:12,2025-03-17 09:51:56,UTC+0800,2025-03-17 09:46:30
51,13,1,39,217,2025-03-17 15:26:00,2025-03-17 19:34:22,2025-03-17 19:34:10,UTC+0800,2025-03-17 19:03:00
88,56,5,77,382,2025-03-18 06:10:00,2025-03-18 12:38:00,2025-03-18 12:37:46,UTC+0800,2025-03-18 12:32:00
87,68,4,82,421,2025-03-19 09:07:00,2025-03-19 16:50:50,2025-03-19 16:33:30,UTC+0800,2025-03-19 16:08:00
97,96,6,67,665,2025-03-20 08:19:00,2025-03-20 19:48:32,2025-03-20 19:48:15,UTC+0800,2025-03-20 19:24:00
,,,,,2025-03-18 12:32:00,2025-03-20 23:23:07,2025-03-20 23:23:07,UTC+0800,2025-03-18 16:15:00
95,93,6,85,549,2025-03-21 10:23:00,2025-03-21 19:50:02,2025-03-21 19:49:51,UTC+0800,2025-03-21 19:32:30
97,98,6,55,776,2025-03-22 07:08:00,2025-03-22 21:05:12,2025-03-22 20:44:11,UTC+0800,2025-03-22 20:04:00
97,96,5,70,639,2025-03-23 09:16:00,2025-03-23 20:48:46,2025-03-23 20:46:09,UTC+0800,2025-03-23 19:55:00
9,9,0,18,120,2025-03-24 13:05:00,2025-03-24 15:31:12,2025-03-24 15:31:05,UTC+0800,2025-03-24 15:05:00
89,87,3,77,488,2025-03-24 17:27:00,2025-03-25 02:08:51,2025-03-25 02:01:20,UTC+0800,2025-03-25 01:35:00
92,84,3,77,511,2025-03-25 13:22:00,2025-03-25 22:16:33,2025-03-25 22:16:08,UTC+0800,2025-03-25 21:53:30
77,67,3,72,470,2025-03-26 16:13:00,2025-03-27 00:29:22,2025-03-27 00:28:55,UTC+0800,2025-03-27 00:03:00
93,88,4,82,548,2025-03-27 16:49:00,2025-03-28 02:09:11,2025-03-28 02:08:52,UTC+0800,2025-03-28 01:57:00
92,85,3,82,526,2025-03-28 15:13:00,2025-03-29 00:33:48,2025-03-29 00:33:27,UTC+0800,2025-03-28 23:59:00
65,56,3,57,276,2025-03-29 15:54:00,2025-03-29 20:37:30,2025-03-29 20:37:16,UTC+0800,2025-03-29 20:30:00
74,79,2,69,333,2025-03-30 04:45:00,2025-03-30 10:48:38,2025-03-30 10:48:06,UTC+0800,2025-03-30 10:18:00
96,86,5,58,646,2025-03-30 15:30:00,2025-03-31 02:24:44,2025-03-31 02:24:31,UTC+0800,2025-03-31 02:16:30
7,7,0,17,71,2025-03-31 03:15:00,2025-03-31 04:54:22,2025-03-31 04:54:16,UTC+0800,2025-03-31 04:26:00
94,83,4,75,513,2025-03-31 16:55:00,2025-04-01 02:09:01,2025-04-01 02:08:42,UTC+0800,2025-04-01 01:28:00
94,83,5,76,543,2025-04-01 18:13:00,2025-04-02 03:40:45,2025-04-02 03:35:53,UTC+0800,2025-04-02 03:16:00
84,19,3,47,264,2025-04-02 17:14:00,2025-04-02 22:04:13,2025-04-02 22:04:04,UTC+0800,2025-04-02 21:38:00
74,25,2,53,226,2025-04-02 22:47:00,2025-04-03 02:54:30,2025-04-03 02:54:24,UTC+0800,2025-04-03 02:33:00
9,9,1,32,115,2025-04-05 13:17:00,2025-04-05 15:29:01,2025-04-05 15:28:55,UTC+0800,2025-04-05 15:12:00
79,66,2,72,298,2025-04-05 16:52:00,2025-04-05 21:55:22,2025-04-05 21:55:11,UTC+0800,2025-04-05 21:50:00
58,10,1,37,146,2025-04-06 21:15:00,2025-04-06 23:46:57,2025-04-06 23:46:48,UTC+0800,2025-04-06 23:41:00
75,51,2,62,269,2025-04-04 20:40:00,2025-04-05 01:09:32,2025-04-05 01:09:25,UTC+0800,2025-04-05 01:09:00
72,31,2,53,231,2025-04-06 15:55:00,2025-04-06 23:46:57,2025-04-06 20:04:33,UTC+0800,2025-04-06 19:46:00
92,70,3,82,415,2025-04-03 19:35:00,2025-04-04 03:02:17,2025-04-04 03:02:06,UTC+0800,2025-04-04 02:30:30
89,74,4,81,439,2025-04-07 14:37:00,2025-04-08 01:37:10,2025-04-07 22:01:26,UTC+0800,2025-04-07 21:56:00
25,12,1,27,172,2025-04-07 22:39:00,2025-04-08 01:37:11,2025-04-08 01:37:05,UTC+0800,2025-04-08 01:31:00
96,81,5,83,484,2025-04-08 17:35:00,2025-04-09 02:01:23,2025-04-09 01:44:48,UTC+0800,2025-04-09 01:39:00
98,94,7,66,615,2025-04-09 16:46:00,2025-04-10 03:16:57,2025-04-10 03:16:35,UTC+0800,2025-04-10 03:01:00
8,8,0,23,97,2025-04-10 16:07:00,2025-04-11 02:14:37,2025-04-10 18:12:37,UTC+0800,2025-04-10 17:44:00
94,79,5,87,451,2025-04-10 18:38:00,2025-04-11 02:14:37,2025-04-11 02:14:21,UTC+0800,2025-04-11 02:09:00
92,75,4,78,474,2025-04-11 19:00:00,2025-04-12 03:19:04,2025-04-12 03:18:52,UTC+0800,2025-04-12 02:54:00
42,15,1,48,130,2025-04-12 21:36:00,2025-04-13 00:15:52,2025-04-13 00:15:42,UTC+0800,2025-04-12 23:46:00
86,58,3,66,356,2025-04-13 00:24:00,2025-04-13 06:55:02,2025-04-13 06:54:50,UTC+0800,2025-04-13 06:20:30
98,93,6,63,666,2025-04-13 19:07:00,2025-04-14 06:18:34,2025-04-14 06:18:21,UTC+0800,2025-04-14 06:13:00
93,81,4,92,426,2025-04-14 21:49:00,2025-04-15 05:26:17,2025-04-15 05:26:07,UTC+0800,2025-04-15 04:55:00
95,94,4,64,618,2025-04-15 19:05:00,2025-04-16 05:30:43,2025-04-16 05:30:27,UTC+0800,2025-04-16 05:23:00
40,11,1,39,160,2025-04-16 12:19:00,2025-04-16 15:15:31,2025-04-16 15:15:28,UTC+0800,2025-04-16 14:59:00
89,53,3,71,355,2025-04-17 01:08:00,2025-04-17 07:28:23,2025-04-17 07:28:08,UTC+0800,2025-04-17 07:03:00
94,97,4,77,593,2025-04-17 22:31:00,2025-04-18 08:50:04,2025-04-18 08:49:51,UTC+0800,2025-04-18 08:24:00
97,91,6,81,571,2025-04-18 22:41:00,2025-04-19 08:36:55,2025-04-19 08:36:43,UTC+0800,2025-04-19 08:12:00
95,91,5,84,537,2025-04-19 23:04:00,2025-04-20 08:26:18,2025-04-20 08:25:54,UTC+0800,2025-04-20 08:01:00
97,98,6,71,628,2025-04-21 00:10:00,2025-04-21 10:38:40,2025-04-21 10:38:02,UTC+0800,2025-04-21 10:38:00
59,7,1,43,69,2025-04-22 02:20:00,2025-04-22 03:34:35,2025-04-22 03:34:26,UTC+0800,2025-04-22 03:29:00
74,71,2,68,309,2025-04-22 14:18:00,2025-04-22 20:03:32,2025-04-22 20:03:22,UTC+0800,2025-04-22 19:27:00
96,95,4,80,575,2025-04-23 17:05:00,2025-04-24 02:45:16,2025-04-24 02:45:02,UTC+0800,2025-04-24 02:40:00
52,47,2,53,302,2025-04-24 17:23:00,2025-04-24 22:56:03,2025-04-24 22:55:57,UTC+0800,2025-04-24 22:25:00
98,98,9,53,795,2025-04-25 07:28:00,2025-04-25 21:04:06,2025-04-25 21:03:39,UTC+0800,2025-04-25 20:43:30
26,29,1,45,189,2025-04-26 03:41:00,2025-04-26 07:16:33,2025-04-26 07:16:25,UTC+0800,2025-04-26 06:50:00
96,90,6,78,573,2025-04-26 19:28:00,2025-04-27 05:03:13,2025-04-27 05:02:52,UTC+0800,2025-04-27 05:01:00
93,66,4,72,486,2025-04-27 19:38:00,2025-04-28 03:50:01,2025-04-28 03:49:41,UTC+0800,2025-04-28 03:44:00
87,55,3,65,267,2025-04-28 20:16:00,2025-04-29 01:08:59,2025-04-29 01:08:52,UTC+0800,2025-04-29 00:43:00
74,21,2,53,205,2025-04-29 01:23:00,2025-04-29 05:13:22,2025-04-29 05:13:09,UTC+0800,2025-04-29 04:48:00
95,92,5,87,512,2025-04-29 20:25:00,2025-04-30 05:27:13,2025-04-30 05:27:02,UTC+0800,2025-04-30 04:57:30
92,72,4,83,382,2025-04-30 20:45:00,2025-05-01 03:12:37,2025-05-01 03:12:30,UTC+0800,2025-05-01 03:07:00
63,24,2,36,249,2025-05-01 03:25:00,2025-05-01 08:06:12,2025-05-01 08:06:03,UTC+0800,2025-05-01 07:34:30
94,80,3,83,513,2025-05-01 23:48:00,2025-05-02 08:54:42,2025-05-02 08:54:32,UTC+0800,2025-05-02 08:21:00
92,85,4,83,485,2025-05-03 01:30:00,2025-05-03 10:35:26,2025-05-03 10:35:06,UTC+0800,2025-05-03 09:35:30
97,94,5,85,576,2025-05-04 05:54:00,2025-05-04 15:40:30,2025-05-04 15:40:11,UTC+0800,2025-05-04 15:30:30
89,49,3,58,334,2025-05-05 02:36:00,2025-05-05 08:37:48,2025-05-05 08:37:40,UTC+0800,2025-05-05 08:10:00
98,98,7,61,672,2025-05-06 02:45:00,2025-05-06 14:10:17,2025-05-06 14:09:56,UTC+0800,2025-05-06 13:57:00
23,26,1,50,132,2025-05-07 03:32:00,2025-05-07 13:54:07,2025-05-07 06:10:52,UTC+0800,2025-05-07 05:44:00
92,83,4,86,450,2025-05-07 06:23:00,2025-05-07 13:54:07,2025-05-07 13:53:00,UTC+0800,2025-05-07 13:53:00
84,68,3,79,424,2025-05-08 09:59:00,2025-05-08 17:22:32,2025-05-08 17:22:25,UTC+0800,2025-05-08 17:03:00
86,75,4,80,383,2025-05-09 12:53:00,2025-05-09 20:13:37,2025-05-09 20:13:20,UTC+0800,2025-05-09 19:16:00
98,96,7,55,751,2025-05-10 07:41:00,2025-05-10 21:07:29,2025-05-10 21:05:30,UTC+0800,2025-05-10 20:12:00
5,5,0,16,39,2025-05-11 19:14:00,2025-05-11 20:09:32,2025-05-11 20:09:31,UTC+0800,2025-05-11 19:53:00
7,8,0,39,74,2025-05-11 12:28:00,2025-05-11 20:09:33,2025-05-11 13:42:43,UTC+0800,2025-05-11 13:42:00
76,43,2,61,235,2025-05-11 15:00:00,2025-05-11 20:09:33,2025-05-11 19:20:14,UTC+0800,2025-05-11 18:55:00
10,13,0,32,145,2025-05-11 09:13:00,2025-05-11 20:09:33,2025-05-11 12:05:45,UTC+0800,2025-05-11 11:38:00
94,87,4,82,514,2025-05-12 13:13:00,2025-05-12 22:18:15,2025-05-12 22:17:46,UTC+0800,2025-05-12 21:47:00
84,24,2,55,206,2025-05-13 03:37:00,2025-05-13 07:30:01,2025-05-13 07:29:55,UTC+0800,2025-05-13 07:03:00
95,90,5,87,530,2025-05-13 12:33:00,2025-05-13 21:40:17,2025-05-13 21:40:01,UTC+0800,2025-05-13 21:23:00
94,95,5,86,518,2025-05-14 13:20:00,2025-05-14 22:16:37,2025-05-14 22:16:05,UTC+0800,2025-05-14 21:58:00
74,66,3,67,277,2025-05-15 12:27:00,2025-05-16 00:10:21,2025-05-15 17:33:34,UTC+0800,2025-05-15 17:04:00
86,57,4,75,391,2025-05-15 17:39:00,2025-05-16 00:10:21,2025-05-16 00:10:11,UTC+0800,2025-05-16 00:10:00
92,58,4,69,496,2025-05-16 14:41:00,2025-05-16 23:29:59,2025-05-16 23:29:45,UTC+0800,2025-05-16 22:57:00
94,92,4,91,470,2025-05-17 17:32:00,2025-05-18 01:56:14,2025-05-18 01:55:58,UTC+0800,2025-05-18 01:22:30
98,93,7,67,629,2025-05-18 15:05:00,2025-05-19 02:30:16,2025-05-19 02:30:02,UTC+0800,2025-05-19 01:34:00
90,65,4,79,494,2025-05-19 18:13:00,2025-05-20 02:44:03,2025-05-20 02:43:54,UTC+0800,2025-05-20 02:27:00
94,95,6,86,553,2025-05-20 19:06:00,2025-05-21 04:19:51,2025-05-21 04:19:39,UTC+0800,2025-05-21 04:19:00
94,80,6,82,506,2025-05-21 19:26:00,2025-05-22 04:22:52,2025-05-22 04:22:33,UTC+0800,2025-05-22 03:52:30
72,25,2,50,197,2025-05-23 00:32:00,2025-05-23 04:13:30,2025-05-23 04:13:15,UTC+0800,2025-05-23 03:49:00
88,72,3,74,375,2025-05-23 21:48:00,2025-05-24 04:09:10,2025-05-24 04:08:57,UTC+0800,2025-05-24 04:03:00
98,94,6,69,643,2025-05-24 20:08:00,2025-05-25 07:25:02,2025-05-25 07:23:44,UTC+0800,2025-05-25 06:51:30
47,22,1,48,159,2025-05-25 23:41:00,2025-05-26 05:44:19,2025-05-26 02:48:53,UTC+0800,2025-05-26 02:20:00
57,19,1,51,136,2025-05-26 03:16:00,2025-05-26 05:44:19,2025-05-26 05:44:13,UTC+0800,2025-05-26 05:32:00
83,65,3,74,372,2025-05-26 20:21:00,2025-05-27 02:39:28,2025-05-27 02:39:21,UTC+0800,2025-05-27 02:33:00
49,38,1,47,226,2025-05-27 07:55:00,2025-05-27 11:41:47,2025-05-27 11:41:41,UTC+0800,2025-05-27 11:41:00
81,46,2,61,307,2025-05-27 22:34:00,2025-05-28 03:54:42,2025-05-28 03:54:33,UTC+0800,2025-05-28 03:41:30
30,31,1,32,238,2025-05-28 04:18:00,2025-05-28 08:16:48,2025-05-28 08:16:23,UTC+0800,2025-05-28 08:16:00
84,32,2,59,225,2025-05-29 05:10:00,2025-05-29 09:08:46,2025-05-29 09:08:41,UTC+0800,2025-05-29 08:55:00
27,34,1,50,151,2025-05-28 23:38:00,2025-05-29 09:08:46,2025-05-29 02:38:40,UTC+0800,2025-05-29 02:09:00
7,7,0,18,69,2025-05-29 03:21:00,2025-05-29 09:08:46,2025-05-29 04:57:27,UTC+0800,2025-05-29 04:30:00
79,45,3,59,291,2025-05-29 22:24:00,2025-05-30 03:21:07,2025-05-30 03:20:58,UTC+0800,2025-05-30 03:15:00
97,92,4,95,454,2025-05-30 23:23:00,2025-05-31 07:28:43,2025-05-31 07:28:29,UTC+0800,2025-05-31 06:57:30
72,26,1,48,256,2025-05-31 16:31:00,2025-06-01 00:03:40,2025-05-31 21:13:10,UTC+0800,2025-05-31 20:47:00
51,10,1,31,137,2025-05-31 21:46:00,2025-06-01 00:03:40,2025-06-01 00:03:31,UTC+0800,2025-06-01 00:03:00
48,20,1,41,334,2025-06-01 13:28:00,2025-06-01 21:59:32,2025-06-01 19:08:29,UTC+0800,2025-06-01 19:02:00
5,5,0,15,36,2025-06-01 20:58:00,2025-06-01 21:59:33,2025-06-01 21:59:27,UTC+0800,2025-06-01 21:34:00
98,94,6,65,675,2025-06-02 12:06:00,2025-06-02 23:26:57,2025-06-02 23:26:04,UTC+0800,2025-06-02 23:21:00
63,24,2,36,208,2025-06-03 12:17:00,2025-06-03 16:24:46,2025-06-03 16:24:43,UTC+0800,2025-06-03 15:45:00
97,97,5,93,579,2025-06-04 13:35:00,2025-06-04 23:14:37,2025-06-04 23:14:11,UTC+0800,2025-06-04 23:14:00
98,94,6,85,632,2025-06-05 21:30:00,2025-06-06 08:18:36,2025-06-06 08:18:23,UTC+0800,2025-06-06 08:02:30
69,43,2,49,177,2025-06-05 18:10:00,2025-06-06 08:18:36,2025-06-05 21:35:00,UTC+0800,2025-06-05 21:07:00
97,96,5,86,631,2025-06-06 20:09:00,2025-06-07 07:29:26,2025-06-07 07:29:10,UTC+0800,2025-06-07 06:40:30
43,21,1,21,137,2025-06-07 12:19:00,2025-06-07 14:51:57,2025-06-07 14:51:48,UTC+0800,2025-06-07 14:36:00
89,84,3,67,340,2025-06-08 01:18:00,2025-06-08 08:11:57,2025-06-08 08:11:41,UTC+0800,2025-06-08 06:58:30
98,98,6,71,693,2025-06-08 21:10:00,2025-06-09 10:14:03,2025-06-09 10:13:27,UTC+0800,2025-06-09 08:43:30
44,7,1,45,82,2025-06-10 07:35:00,2025-06-10 09:40:42,2025-06-10 09:40:34,UTC+0800,2025-06-10 08:57:30
89,72,4,64,404,2025-06-10 00:26:00,2025-06-10 07:39:08,2025-06-10 07:38:54,UTC+0800,2025-06-10 07:10:00
59,56,2,56,257,2025-06-11 00:41:00,2025-06-11 10:36:03,2025-06-11 05:28:11,UTC+0800,2025-06-11 04:58:00
54,18,2,30,255,2025-06-11 06:06:00,2025-06-11 10:36:03,2025-06-11 10:35:56,UTC+0800,2025-06-11 10:21:00
44,53,2,28,167,2025-06-12 00:28:00,2025-06-12 10:14:52,2025-06-12 03:40:34,UTC+0800,2025-06-12 03:15:00
94,39,4,68,398,2025-06-12 03:36:00,2025-06-12 10:14:52,2025-06-12 10:14:43,UTC+0800,2025-06-12 10:14:00
78,57,2,34,240,2025-06-12 15:53:00,2025-06-12 20:56:01,2025-06-12 20:55:24,UTC+0800,2025-06-12 19:53:30
76,49,2,33,231,2025-06-13 06:32:00,2025-06-13 13:28:35,2025-06-13 13:27:59,UTC+0800,2025-06-13 10:23:30
90,87,4,76,473,2025-06-14 05:41:00,2025-06-14 13:42:23,2025-06-14 13:42:05,UTC+0800,2025-06-14 13:34:30
97,98,6,85,539,2025-06-15 05:23:00,2025-06-15 14:55:36,2025-06-15 14:51:43,UTC+0800,2025-06-15 14:22:00
79,73,3,59,297,2025-06-16 10:18:00,2025-06-16 15:41:07,2025-06-16 15:40:55,UTC+0800,2025-06-16 15:15:00
95,93,6,91,497,2025-06-17 08:15:00,2025-06-17 17:12:25,2025-06-17 17:09:17,UTC+0800,2025-06-17 16:32:30
95,96,6,94,525,2025-06-18 16:27:00,2025-06-19 01:29:45,2025-06-19 01:29:27,UTC+0800,2025-06-19 01:12:30
95,80,4,94,457,2025-06-19 16:07:00,2025-06-19 23:44:52,2025-06-19 23:44:30,UTC+0800,2025-06-19 23:44:00
96,90,5,88,505,2025-06-20 15:26:00,2025-06-21 00:05:14,2025-06-21 00:04:57,UTC+0800,2025-06-20 23:51:30
69,41,2,31,235,2025-06-21 11:02:00,2025-06-21 15:29:24,2025-06-21 15:27:38,UTC+0800,2025-06-21 14:57:00
55,39,1,42,166,2025-06-21 21:01:00,2025-06-22 00:12:38,2025-06-22 00:12:29,UTC+0800,2025-06-21 23:47:00
81,71,2,38,322,2025-06-22 18:02:00,2025-06-22 23:54:00,2025-06-22 23:53:48,UTC+0800,2025-06-22 23:24:00
43,56,1,50,239,2025-06-23 14:28:00,2025-06-23 18:53:26,2025-06-23 18:53:15,UTC+0800,2025-06-23 18:27:00
57,34,1,46,236,2025-06-23 19:28:00,2025-06-23 23:50:03,2025-06-23 23:49:53,UTC+0800,2025-06-23 23:24:00
72,73,3,58,309,2025-06-24 16:04:00,2025-06-24 21:41:03,2025-06-24 21:40:50,UTC+0800,2025-06-24 21:13:00
80,15,2,58,126,2025-06-24 21:35:00,2025-06-25 00:11:48,2025-06-25 00:11:41,UTC+0800,2025-06-24 23:41:00
97,91,6,91,500,2025-06-25 16:57:00,2025-06-26 01:18:55,2025-06-26 01:17:41,UTC+0800,2025-06-26 01:17:00
65,61,2,60,232,2025-06-26 16:08:00,2025-06-26 20:30:52,2025-06-26 20:30:40,UTC+0800,2025-06-26 20:00:00
89,49,5,56,318,2025-06-26 21:03:00,2025-06-27 02:50:29,2025-06-27 02:47:50,UTC+0800,2025-06-27 02:21:00
98,97,5,90,551,2025-06-27 15:29:00,2025-06-28 06:08:15,2025-06-28 01:12:49,UTC+0800,2025-06-28 00:40:00
10,24,0,19,150,2025-06-28 03:14:00,2025-06-28 06:08:19,2025-06-28 05:54:06,UTC+0800,2025-06-28 05:44:00
27,23,1,38,165,2025-06-28 18:22:00,2025-06-28 21:34:28,2025-06-28 21:34:22,UTC+0800,2025-06-28 21:07:00
82,49,2,59,319,2025-06-28 21:53:00,2025-06-29 03:44:36,2025-06-29 03:44:28,UTC+0800,2025-06-29 03:12:30
95,94,3,84,525,2025-06-29 18:41:00,2025-06-30 03:45:53,2025-06-30 03:45:29,UTC+0800,2025-06-30 03:26:00
,,,,,2025-06-30 21:00:00,2025-07-01 04:45:46,2025-07-01 04:45:46,UTC+0800,2025-07-01 04:30:00
90,79,4,76,438,2025-06-30 21:04:00,2025-07-01 04:48:37,2025-07-01 04:47:52,UTC+0800,2025-07-01 04:22:00
97,96,5,88,590,2025-07-01 19:32:00,2025-07-02 05:54:21,2025-07-02 05:52:57,UTC+0800,2025-07-02 05:22:00
66,48,2,34,251,2025-07-02 17:35:00,2025-07-03 02:42:24,2025-07-02 22:11:45,UTC+0800,2025-07-02 21:46:00
58,29,1,54,231,2025-07-02 22:21:00,2025-07-03 02:42:24,2025-07-03 02:42:16,UTC+0800,2025-07-03 02:12:00
97,97,5,77,628,2025-07-03 18:28:00,2025-07-04 05:33:07,2025-07-04 05:29:13,UTC+0800,2025-07-04 04:56:00
82,61,2,61,325,2025-07-04 20:41:00,2025-07-05 05:07:59,2025-07-05 02:06:34,UTC+0800,2025-07-05 02:06:00
68,10,1,52,117,2025-07-05 02:12:00,2025-07-05 05:08:00,2025-07-05 05:07:52,UTC+0800,2025-07-05 04:09:30
42,45,1,50,259,2025-07-05 21:13:00,2025-07-06 01:38:34,2025-07-06 01:38:24,UTC+0800,2025-07-06 01:32:00
48,39,1,47,156,2025-07-06 21:31:00,2025-07-07 08:20:14,2025-07-07 00:33:07,UTC+0800,2025-07-07 00:07:00
7,7,0,30,69,2025-07-07 01:51:00,2025-07-07 08:20:14,2025-07-07 03:30:08,UTC+0800,2025-07-07 03:00:00
17,12,3,22,152,2025-07-07 05:23:00,2025-07-07 08:20:13,2025-07-07 08:19:47,UTC+0800,2025-07-07 07:55:00
73,54,2,40,215,2025-07-07 22:27:00,2025-07-08 02:29:07,2025-07-08 02:28:57,UTC+0800,2025-07-08 02:02:00
38,18,2,33,164,2025-07-08 03:26:00,2025-07-08 06:15:20,2025-07-08 06:15:14,UTC+0800,2025-07-08 06:10:00
75,54,2,63,232,2025-07-08 22:50:00,2025-07-09 03:10:27,2025-07-09 03:10:15,UTC+0800,2025-07-09 02:42:00
81,83,4,81,371,2025-07-09 20:46:00,2025-07-10 03:03:01,2025-07-10 03:02:21,UTC+0800,2025-07-10 02:57:00
71,60,2,58,185,2025-07-10 14:57:00,2025-07-11 02:33:47,2025-07-10 18:45:41,UTC+0800,2025-07-10 18:02:00
9,36,0,30,129,2025-07-10 22:51:00,2025-07-11 02:33:47,2025-07-11 01:25:55,UTC+0800,2025-07-11 01:00:00
57,6,1,39,63,2025-07-11 01:24:00,2025-07-11 02:33:47,2025-07-11 02:33:40,UTC+0800,2025-07-11 02:27:00
91,90,4,74,420,2025-07-11 21:13:00,2025-07-12 05:18:14,2025-07-12 05:18:02,UTC+0800,2025-07-12 04:13:00
98,96,7,84,632,2025-07-12 21:52:00,2025-07-13 08:33:30,2025-07-13 08:33:08,UTC+0800,2025-07-13 08:24:00
13,17,0,41,98,2025-07-13 21:43:00,2025-07-14 06:35:42,2025-07-13 23:48:45,UTC+0800,2025-07-13 23:21:00
74,31,3,44,326,2025-07-14 00:19:00,2025-07-14 06:35:42,2025-07-14 06:35:33,UTC+0800,2025-07-14 05:45:00
90,91,3,73,438,2025-07-14 20:53:00,2025-07-15 04:53:44,2025-07-15 04:53:29,UTC+0800,2025-07-15 04:11:30
92,72,4,79,404,2025-07-15 22:06:00,2025-07-16 04:55:51,2025-07-16 04:55:32,UTC+0800,2025-07-16 04:50:00
58,21,2,58,164,2025-07-16 07:01:00,2025-07-16 10:10:56,2025-07-16 10:10:51,UTC+0800,2025-07-16 09:45:00
96,90,5,91,459,2025-07-16 23:42:00,2025-07-17 07:52:32,2025-07-17 07:51:35,UTC+0800,2025-07-17 07:21:00
64,71,3,60,487,2025-07-18 12:25:00,2025-07-18 20:37:35,2025-07-18 20:37:16,UTC+0800,2025-07-18 20:32:00
91,85,4,79,428,2025-07-19 13:27:00,2025-07-20 10:20:32,2025-07-19 21:04:36,UTC+0800,2025-07-19 20:35:00
95,87,4,87,463,2025-07-20 02:26:00,2025-07-20 10:20:32,2025-07-20 10:19:57,UTC+0800,2025-07-20 10:09:00
6,6,0,17,68,2025-07-20 18:02:00,2025-07-21 09:24:51,2025-07-20 19:36:39,UTC+0800,2025-07-20 19:10:00
7,8,0,25,91,2025-07-20 19:51:00,2025-07-21 09:24:51,2025-07-20 21:25:06,UTC+0800,2025-07-20 21:22:00
35,63,0,6,404,2025-07-21 02:27:00,2025-07-21 09:24:51,2025-07-21 09:20:29,UTC+0800,2025-07-21 09:11:00
91,78,3,73,374,2025-07-21 20:10:00,2025-07-22 03:00:23,2025-07-22 02:53:04,UTC+0800,2025-07-22 02:24:00
94,75,2,84,454,2025-07-22 05:33:00,2025-07-22 13:34:50,2025-07-22 13:34:41,UTC+0800,2025-07-22 13:07:00
97,91,6,76,566,2025-07-23 02:24:00,2025-07-23 12:20:30,2025-07-23 12:15:50,UTC+0800,2025-07-23 11:50:00
97,98,4,82,568,2025-07-24 02:09:00,2025-07-24 15:36:56,2025-07-24 15:36:37,UTC+0800,2025-07-24 11:37:00
42,15,1,48,171,2025-07-24 17:12:00,2025-07-24 20:38:36,2025-07-24 20:38:28,UTC+0800,2025-07-24 20:03:00